platform,title,url,episode,first_seen,last_seen,latest_views,latest_likes,latest_comments
facebook,"After admitting 'I messed up,' a city councilman's inappropriate conduct is under scrutiny. His emails, including one te",https://www.facebook.com/100076110496091/posts/1012194554660885,2026-06-08_record_straight,t2,t6,6363,42,
facebook,"Over 25,000 people gathered at Stonewood Mall for a massive watch party. Despite the $300,000 cost, it was a memorable e",https://www.facebook.com/100076110496091/posts/1034284952451845,2026-06-08_record_straight,t8,t14,6355,46,
facebook,Tensions flared at the city council meeting as a woman repeatedly defied the mayor's requests to sit down. Despite multi,https://www.facebook.com/100076110496091/posts/1010707518142922,2026-06-08_record_straight,t1,t4,5812,,
facebook,"Discover My Home, a beloved Chinese restaurant in Downey. Their Mongolian beef, dumplings, orange chicken, and amazing s",https://www.facebook.com/100076110496091/posts/1057394010140939,2026-06-08_record_straight,t17,t21,4999,36,
facebook,"Debating whether to rock the city seal jacket on a bike ride. Might catch some flak from Mr. Trujillo, but feeling bold",https://www.facebook.com/100076110496091/posts/1013053857908288,2026-06-08_record_straight,t3,t7,2575,18,
facebook,A terrifying moment outside City Hall as a car nearly hits a family. A witness captured the incident and checked on the,https://www.facebook.com/100076110496091/posts/1025648663315474,2026-06-08_record_straight,t8,t9,2491,21,
facebook,"Tired of fake news and personal attacks. Let's set the record straight about my 42-year marriage, bachelor party, and ru",https://www.facebook.com/100076110496091/posts/1028127696400904,2026-06-08_record_straight,t8,t9,2435,26,
facebook,The Newsom administration and Rob Bonta's lawsuit against the federal government has been withdrawn. They failed to meet,https://www.facebook.com/100076110496091/posts/1076882021525471,2026-06-08_record_straight,t29,t30,2249,99,
facebook,A proposed 145-unit residential condominium project on 6.1 acres is raising concerns among nearby residents and communit,https://www.facebook.com/100076110496091/posts/1060638479816492,2026-06-08_record_straight,t17,t23,2225,9,
facebook,"A new pho restaurant called GYU Pho has opened at Downey Gateway, right where the old hummus factory used to be. It's on",https://www.facebook.com/100076110496091/posts/1016490837564590,2026-06-08_record_straight,t4,t7,2178,11,
facebook,"Downey is experiencing a surge of new Asian-style restaurants. From Silver Lake Ramen to other popular spots, the city's",https://www.facebook.com/100076110496091/posts/1016293220917685,2026-06-08_record_straight,t4,t7,2043,21,
facebook,La Chula Mexican food is getting some new neighbors! A Tacos Con Todo is closing down to make way for a Mongolian barbec,https://www.facebook.com/100076110496091/posts/1017119150835092,2026-06-08_record_straight,t6,t7,1956,13,
facebook,"This new Korean barbecue spot in Downey is so popular, there's always a line out the door. Yogi Berra once said, 'Nobody",https://www.facebook.com/100076110496091/posts/1016586934221647,2026-06-08_record_straight,t4,t7,1846,13,
facebook,"Discover Pop's Wings, a family-owned gem in Downey serving up more than just wings. Their pastrami sandwich on toasted b",https://www.facebook.com/100076110496091/posts/1046305594583114,2026-06-08_record_straight,t14,t17,1846,28,
facebook,"Get ready for an exciting new addition at Stonewood Mall! Round One is opening its doors, spanning an incredible 150,000",https://www.facebook.com/100076110496091/posts/1017951187418555,2026-06-08_record_straight,t6,t7,1813,23,
facebook,I grew up in Huntington Park and still own property there. The city's rules and ordinances are hurting residents. They a,https://www.facebook.com/100076110496091/posts/1011414234738917,2026-06-08_record_straight,t1,t6,1795,12,
facebook,Downey City Council adopted a new Code of Ethics and Conduct for commission and board members on May 26th. This follows,https://www.facebook.com/100076110496091/posts/1045733941306946,2026-06-08_record_straight,t14,t17,1760,19,
facebook,"Hearing someone say they're embarrassed to be American is disheartening. Mr. Trujillo, no matter the flaws, this country",https://www.facebook.com/100076110496091/posts/1011215308092143,2026-06-08_record_straight,t1,t6,1721,26,
facebook,"Everyone talks about Porto's, but do you know their hidden gems? Try the chorizo and egg sandwich on Cuban bread for bre",https://www.facebook.com/100076110496091/posts/1051151724098501,2026-06-08_record_straight,t17,t18,1712,21,
facebook,"You've heard of Downey Pizza Company's pastrami pizza? My friend asked if I'd heard of it, and I told him I've been enjo",https://www.facebook.com/100076110496091/posts/1052003447346662,2026-06-08_record_straight,t17,t19,1685,17,
facebook,Stuck on Fairford for nearly two and a half hours today. What started quiet turned into insane rush hour traffic by 4 PM,https://www.facebook.com/100076110496091/posts/1063315352882138,2026-06-08_record_straight,t18,t25,1635,7,
facebook,Mr. Trujillo informed me about a seal amidst unauthorized merchandise. I’ll showcase the merchandise in the second video,https://www.facebook.com/100076110496091/posts/1012918541255153,2026-06-08_record_straight,t2,t6,1601,10,
facebook,"Get ready for some soccer action! The city of Downey is hosting watch parties for FIFA events, including one at Stonewoo",https://www.facebook.com/100076110496091/posts/1014741211072886,2026-06-08_record_straight,t4,t7,1531,12,
facebook,Discover the surprising truth about the NFL's structure. Learn how a losing season can actually benefit teams with bette,https://www.facebook.com/100076110496091/posts/1065806945966312,2026-06-08_record_straight,t19,t25,1459,1,
facebook,"Right next to Porto's, Downey Gateway offers an incredible array of dining options. From pho and Mongolian barbecue to p",https://www.facebook.com/100076110496091/posts/1017258417487832,2026-06-08_record_straight,t6,t7,1452,9,
facebook,"Downtown Downey has some incredible spots, and La Chula Mexican Food is one of them. Adriana opened it during COVID, and",https://www.facebook.com/100076110496091/posts/1057191436827863,2026-06-08_record_straight,t17,t21,1448,7,
facebook,"Regarding the Honda World Project. After a marathon meeting from 6:00 AM to 1:00 AM, a vote of 5-0 rejected the proposal",https://www.facebook.com/100076110496091/posts/1064809539399386,2026-06-08_record_straight,t19,t25,1441,8,
facebook,"Being a lifetime member of the UCLA alumni association since the 80s, I'm incredibly proud of my school. Even with a wif",https://www.facebook.com/100076110496091/posts/1070148738865466,2026-06-08_record_straight,t21,t25,1440,5,
facebook,"The podcast host addresses accusations of attacking opponents, fueling division, and talking down on women, presenting h",https://www.facebook.com/100076110496091/posts/1026284329918574,2026-06-08_record_straight,t8,t9,1435,16,
facebook,I felt compelled to respond after listening to recent discussions. He acknowledges the great things happening in Downey,https://www.facebook.com/100076110496091/posts/1010418734838467,2026-06-08_record_straight,t0,t4,1416,,
facebook,,https://www.facebook.com/100076110496091/posts/1004359515444389,2026-06-08_record_straight,t0,t4,1391,,
facebook,"Discover Poached, a North Downey favorite open only for breakfast and lunch. Their commitment to fresh ingredients shine",https://www.facebook.com/100076110496091/posts/1052894390590901,2026-06-08_record_straight,t17,t20,1358,18,
facebook,"A 2007 letter from a prominent citizen sent shockwaves through the community, igniting action. Today, witnessing the res",https://www.facebook.com/100076110496091/posts/1030734439473563,2026-06-08_record_straight,t8,t12,1357,8,
facebook,"The World Cup brings incredible passion as countries pour their hearts into the game. While celebrations are amazing, le",https://www.facebook.com/100076110496091/posts/1034497039097303,2026-06-08_record_straight,t8,t14,1348,5,
facebook,A mayor's controversial call for gang members to confront ICE sparked a federal investigation and public outcry. The inc,https://www.facebook.com/100076110496091/posts/1010559058157768,2026-06-08_record_straight,t1,t4,1314,,
facebook,Discover the incredible bento box lunch special at Starfish Sushi in downtown Downey. This spot offers delicious sushi r,https://www.facebook.com/100076110496091/posts/1053768200503520,2026-06-08_record_straight,t17,t20,1286,6,
facebook,"Did you know Chipotle has a secret menu? I discovered their amazing chicken quesadilla, complete with rice and beans, an",https://www.facebook.com/100076110496091/posts/1058906083323065,2026-06-08_record_straight,t17,t23,1261,4,
facebook,I recently learned about the excessive security demands for FIFA officials in Vancouver. They asked for Level 4 security,https://www.facebook.com/100076110496091/posts/1013734454506895,2026-06-08_record_straight,t3,t7,1254,8,
facebook,"Walking through downtown, the changes are unbelievable. On election night 2006, after a celebration, the former mayor an",https://www.facebook.com/100076110496091/posts/1030948086118865,2026-06-08_record_straight,t8,t12,1232,7,
facebook,"Downey is buzzing for the championship game on Sunday, July 19th! Downey Avenue will be closed for a street party with T",https://www.facebook.com/100076110496091/posts/1035161635697510,2026-06-08_record_straight,t8,t14,1228,9,
facebook,"Some people prefer fake AI tactics, but I'm here to share the real story. I'm being followed, and if you're brave enough",https://www.facebook.com/100076110496091/posts/1028339743046366,2026-06-08_record_straight,t8,t9,1214,14,
facebook,"After 15 years of dedicated effort, the Gateway sign is finally being installed. This project is funded entirely by arts",https://www.facebook.com/100076110496091/posts/1037014242178916,2026-06-08_record_straight,t8,t16,1194,4,
facebook,"Even during COVID, I prioritized being in court for my clients. I believe court proceedings should always be public and",https://www.facebook.com/100076110496091/posts/1041742161706124,2026-06-08_record_straight,t10,t16,1139,5,
facebook,"This isn't just food; it's an experience! Imagine a sizzling lava pot filled with grilled carne asada, chicken, chorizo,",https://www.facebook.com/100076110496091/posts/1058235356723471,2026-06-08_record_straight,t17,t22,1139,9,
facebook,Going through old photos brought back UCLA football memories. From player interviews for the Westwood Touchdown Club to,https://www.facebook.com/100076110496091/posts/1069941258886214,2026-06-08_record_straight,t21,t25,1106,6,
facebook,"We're building this show for you! Your questions and suggestions directly influence what we cover, from new restaurants",https://www.facebook.com/100076110496091/posts/1036195698927437,2026-06-08_record_straight,t8,t15,1101,9,
facebook,"An astonishing 5 to 7 people die homeless on Los Angeles streets every single day. This has been happening for years, ye",https://www.facebook.com/100076110496091/posts/1078388734708133,2026-06-08_record_straight,t29,t30,1093,15,
facebook,"Major events often promise economic boosts, but the reality can be complex. Economists point to substitution, crowding o",https://www.facebook.com/100076110496091/posts/1013918497821824,2026-06-08_record_straight,t3,t7,1081,10,
facebook,"Discover Downey's rich past as a hub for aviation and space exploration, from Volty Aircraft to the Apollo modules. Lear",https://www.facebook.com/100076110496091/posts/1033411445872529,2026-06-08_record_straight,t8,t13,1077,4,
facebook,"An $11 billion bond is being presented with 'Veterans and Affordable Housing' in its name, but less than 10% actually go",https://www.facebook.com/100076110496091/posts/1047096001170740,2026-06-08_record_straight,t15,t17,1042,11,
facebook,You won't believe Norms has an amazing loco moco served with fried rice and egg! It's comfort food at its finest. Enjoy,https://www.facebook.com/100076110496091/posts/1047890314424642,2026-06-08_record_straight,t15,t18,999,6,
facebook,"Sacramento's housing mandates are hitting cities hard. We're a built-out community, and local governments are pushing ba",https://www.facebook.com/100076110496091/posts/1063107219569618,2026-06-08_record_straight,t18,t25,978,15,
facebook,"Carrie's reputation for helping seniors with wills and trusts is outstanding. Many speak of her care for their families,",https://www.facebook.com/100076110496091/posts/1022346416979032,2026-06-08_record_straight,t6,t7,965,13,
facebook,Years on the Public Works Committee revealed the inner workings of our city. From managing our water wells to street rep,https://www.facebook.com/100076110496091/posts/1022977510249256,2026-06-08_record_straight,t6,t7,953,14,
facebook,"Did you know IHOP has a delicious ham and cheese omelet, surprisingly affordable at around $8? Paired with endless coffe",https://www.facebook.com/100076110496091/posts/1059774783236195,2026-06-08_record_straight,t17,t23,927,4,
facebook,The Planning Commission is set to review Honda World's project again on August 18th. While the applicant stands to make,https://www.facebook.com/100076110496091/posts/1065653542648319,2026-06-08_record_straight,t19,t25,921,8,
facebook,"Ever wondered if your military job means combat? Not everyone deployed sees action, and your MOS (job) plays a huge role",https://www.facebook.com/100076110496091/posts/1047273761152964,2026-06-08_record_straight,t15,t17,916,4,
facebook,"Looking for authentic Thai food? Nara Thai on Firestone, across from the Hyundai dealership, is a family-owned spot you",https://www.facebook.com/100076110496091/posts/1054634460416894,2026-06-08_record_straight,t17,t21,900,2,
facebook,Ever wonder why city projects take forever? It's a maze of portals and common sense decisions needing approval. Even whe,https://www.facebook.com/100076110496091/posts/1036811862199154,2026-06-08_record_straight,t8,t16,830,2,
facebook,"At the public hearing for the proposed Downey condo project, residents made their voices heard. According to remarks sha",https://www.facebook.com/100076110496091/posts/1060835146463492,2026-06-08_record_straight,t17,t23,827,4,
facebook,"Get ready for The Fun Box, the exciting new addition to our shopping center! Located where Rite Aid used to be, it's a b",https://www.facebook.com/100076110496091/posts/1018777360669271,2026-06-08_record_straight,t6,t7,812,4,
facebook,"Running a restaurant means the show must go on, even when things are falling apart. Unlike sales, where you can switch m",https://www.facebook.com/100076110496091/posts/1037772532103087,2026-06-08_record_straight,t8,t16,812,6,
facebook,"The World Cup is a massive moneymaker for FIFA, projected to generate $11 billion in profit, with potential to reach $13",https://www.facebook.com/100076110496091/posts/1014606087753065,2026-06-08_record_straight,t4,t7,797,2,
facebook,Building a successful team means more than just hiring. It's about putting the right people in the right seats. Analyze,https://www.facebook.com/100076110496091/posts/1069100705636936,2026-06-08_record_straight,t21,t25,790,1,
facebook,"Reflecting on downtown's potential, the vision was always a vibrant, walkable area, much like Birch Street. While we see",https://www.facebook.com/100076110496091/posts/1037593705454303,2026-06-08_record_straight,t8,t16,787,2,
facebook,"He wanted to join, but his parents were against it and he doubted his own abilities. No family support, but I pushed him",https://www.facebook.com/100076110496091/posts/1048688781011462,2026-06-08_record_straight,t16,t18,768,2,
facebook,"The promises made by politicians often fall short, especially concerning policies like ICE. True progress requires hones",https://www.facebook.com/100076110496091/posts/1004186872128320,2026-06-08_record_straight,t0,t4,761,,
facebook,"Graduating high school, I went to college, but it wasn't the right fit. Juggling studies and work, I realized I needed a",https://www.facebook.com/100076110496091/posts/1053095730570767,2026-06-08_record_straight,t17,t20,761,3,
facebook,"Think graffiti is a permanent eyesore? Think again! If you see it today, it's because we haven't called it in. That graf",https://www.facebook.com/100076110496091/posts/1038365202043820,2026-06-08_record_straight,t9,t16,757,5,
facebook,"A lifelong, moderate Democrat dedicated to serving Downey's residents. The focus is on getting city business done and wo",https://www.facebook.com/100076110496091/posts/1022198273660513,2026-06-08_record_straight,t6,t7,748,16,
facebook,Assembly Bill 1821 raises concerns about public records requests. While cities face costs from 'gadflies' and 'bad actor,https://www.facebook.com/100076110496091/posts/1043364778210529,2026-06-08_record_straight,t13,t16,726,9,
facebook,"Growing up gay in a conservative environment surprisingly shaped his path to understanding. Now, as he campaigns for jud",https://www.facebook.com/100076110496091/posts/1075859108294429,2026-06-08_record_straight,t24,t30,722,1,
facebook,Military life is more than a job; it's a crucible that forges unbreakable bonds. Training and shared challenges create a,https://www.facebook.com/100076110496091/posts/1051342274079446,2026-06-08_record_straight,t17,t19,719,4,
facebook,"After a tough season, the tradition of celebrating UCLA wins with pastrami from The Hat is back on. Turns out, that post",https://www.facebook.com/100076110496091/posts/1070785395468467,2026-06-08_record_straight,t22,t25,702,3,
facebook,"As a prosecutor, life experience is invaluable. Growing up, losing parents, and overcoming obstacles shape the belief in",https://www.facebook.com/100076110496091/posts/1082729060940767,2026-06-08_record_straight,t29,t30,702,2,
facebook,"My opponent comes from privilege, never facing real adversity. My background is different. I've overcome challenges, and",https://www.facebook.com/100076110496091/posts/1081064491107224,2026-06-08_record_straight,t29,t30,702,4,
facebook,"We're seeing exponential growth across our social platforms, with over 100k views combined in just the last two weeks! I",https://www.facebook.com/100076110496091/posts/1036014708945536,2026-06-08_record_straight,t8,t15,699,1,
facebook,"YIMBY Law is sending identical letters, claiming a project addresses parking and traffic concerns despite including gara",https://www.facebook.com/100076110496091/posts/1064160716130935,2026-06-08_record_straight,t18,t25,686,4,
facebook,I was terrified to tell my Hispanic grandparents I was joining the military. I signed the contract before she knew. Afte,https://www.facebook.com/100076110496091/posts/1052206490659691,2026-06-08_record_straight,t17,t19,685,4,
facebook,Two significant legislative wins for HOAs and condo buyers. We successfully opposed a bill to raise liquidated damages f,https://www.facebook.com/100076110496091/posts/1024620870084920,2026-06-08_record_straight,t7,t7,683,4,
facebook,A DA candidate is running for LA's top attorney with zero trial experience. This mirrors past DA appointments with simil,https://www.facebook.com/100076110496091/posts/1078586988021641,2026-06-08_record_straight,t29,t30,681,4,
facebook,The Target Crimes Division handles everything from stalking and child abduction to animal cruelty and arson. They deal w,https://www.facebook.com/100076110496091/posts/1083562520857421,2026-06-08_record_straight,t29,t30,678,1,
facebook,"I'm running for city attorney because my childhood shaped me. Losing parents young, facing poverty, and bullying taught",https://www.facebook.com/100076110496091/posts/1080869097793430,2026-06-08_record_straight,t29,t30,672,4,
facebook,"I'm a true believer in our justice system, though I acknowledge its imperfections and the implicit biases we all carry.",https://www.facebook.com/100076110496091/posts/1040711645142509,2026-06-08_record_straight,t10,t16,661,1,
facebook,"Our city has invested over $30 million in street repaving, and the work is almost complete. Beyond roads, rapid graffiti",https://www.facebook.com/100076110496091/posts/1023159963564344,2026-06-08_record_straight,t6,t7,609,5,
facebook,Exciting times in our local food venture! We're aiming to highlight Downey's privately owned restaurants. What amazing l,https://www.facebook.com/100076110496091/posts/1018967460650261,2026-06-08_record_straight,t6,t7,604,10,
facebook,"Carrie Uva shares her commitment to public safety, quality of life, maintaining a balanced budget, and supporting small",https://www.facebook.com/100076110496091/posts/1024811506732523,2026-06-08_record_straight,t7,t7,604,3,
facebook,"Amidst all the noise about what divides us, we often forget the unifying power of sports. The World Cup offers a perfect",https://www.facebook.com/100076110496091/posts/1035383632341977,2026-06-08_record_straight,t8,t14,602,1,
facebook,"Pageantry offers a unique journey of self-discovery. It's not just about competing against others, but within yourself.",https://www.facebook.com/100076110496091/posts/1029211102959230,2026-06-08_record_straight,t8,t9,601,2,
facebook,"FIFA is a huge money-maker, and while local communities might not see all the profits, we in Downey are ready to have a",https://www.facebook.com/100076110496091/posts/1015458804334460,2026-06-08_record_straight,t4,t7,562,9,
facebook,Confused about recent housing density laws like SB 9 and AB 1893? The planning commission is grappling with these state,https://www.facebook.com/100076110496091/posts/1063936592820014,2026-06-08_record_straight,t18,t25,552,1,
facebook,"Get ready, Downey! Mama Lu's, a beloved Asian restaurant, is opening soon. Revered by the Asian community for special oc",https://www.facebook.com/100076110496091/posts/1018149934065347,2026-06-08_record_straight,t6,t7,548,3,
facebook,Exciting times in our local food venture! We're aiming to highlight Downey's privately owned restaurants. What amazing l,https://www.facebook.com/100076110496091/posts/1018967420650265,2026-06-08_record_straight,t6,t7,543,3,
facebook,"Enlisting in the Army changed my life. I walked in just wanting college paid for, and 13 years later, I have my bachelor",https://www.facebook.com/100076110496091/posts/1045576627989344,2026-06-08_record_straight,t14,t16,524,9,
facebook,"A council member was fined $13,000 for not reporting campaign contributions. It's essential to report accurately and pay",https://www.facebook.com/100076110496091/posts/1011541961392811,2026-06-08_record_straight,t2,t6,516,7,
facebook,"Despite our challenges and historical wrongs, America offers unparalleled opportunities. Let's remember the unique spiri",https://www.facebook.com/100076110496091/posts/1031926589354348,2026-06-08_record_straight,t8,t13,512,2,
facebook,"This Vietnamese coffee from Tea Leaf Co is the perfect mid-day pick-me-up. It's not too sweet, not too bitter, and exact",https://www.facebook.com/100076110496091/posts/1084229104124096,2026-06-08_record_straight,t29,t30,512,1,
facebook,"David Dejut for Super Court Judge Seat 87:  My commitment is to uphold the law with integrity, free from special interes",https://www.facebook.com/100076110496091/posts/1076065151607158,2026-06-08_record_straight,t24,t30,507,1,
facebook,Pageant weekend is more than just an event; it's a transformative experience filled with lasting friendships and cherish,https://www.facebook.com/100076110496091/posts/1029894962890844,2026-06-08_record_straight,t8,t9,506,,
facebook,"The Rams made a bold move trading for Matthew Stafford, who later won MVP and a Super Bowl. Now, they've doubled down, a",https://www.facebook.com/100076110496091/posts/1066705415876465,2026-06-08_record_straight,t20,t25,500,6,
facebook,"A vigilant neighborhood watch group alerted police to speeding issues on their street. Within days, this led to a traffi",https://www.facebook.com/100076110496091/posts/1023808510166156,2026-06-08_record_straight,t7,t7,484,14,
facebook,"In 2008, voters approved $9 billion for a LA to San Francisco high-speed rail project. The initial estimate for bonds af",https://www.facebook.com/100076110496091/posts/1076691981544475,2026-06-08_record_straight,t29,t30,484,2,
facebook,"Experience matters. As a judge pro tem, community chair, and with extensive trial experience, I'm ready to serve with ho",https://www.facebook.com/100076110496091/posts/1043211234892550,2026-06-08_record_straight,t13,t16,478,,
facebook,A major misconception about public defenders is that they don't care. Many believe we have too many cases to provide ind,https://www.facebook.com/100076110496091/posts/1040111951869145,2026-06-08_record_straight,t10,t16,467,1,
facebook,"The USOA pageantry mission is to empower, inspire, and uplift. Competing in at least one pageant can dramatically improv",https://www.facebook.com/100076110496091/posts/1029006066313067,2026-06-08_record_straight,t8,t9,451,2,
facebook,Spreading knowledge about who we are in the military and what we really do. It's more than just shooting guns; learn the,https://www.facebook.com/100076110496091/posts/1046493241231016,2026-06-08_record_straight,t14,t17,442,1,
facebook,California's proposed 5% wealth tax on billionaires faces a critical question: is it worth the cost? Despite initial rev,https://www.facebook.com/100076110496091/posts/1048076017739405,2026-06-08_record_straight,t15,t18,434,7,
facebook,The justice system relies on your participation. Answering your juror summons ensures everyone has due process and digni,https://www.facebook.com/100076110496091/posts/1041540555059618,2026-06-08_record_straight,t10,t16,433,3,
facebook,Academic theories clash with the harsh reality of predatory pricing. This video unpacks how rent gouging impacts real pe,https://www.facebook.com/100076110496091/posts/1071845648695775,2026-06-08_record_straight,t22,t30,421,4,
facebook,"Ladies, if you're second-guessing yourself, silence that doubt. Your time is now. Take the leap of faith and you'll neve",https://www.facebook.com/100076110496091/posts/1030084522871888,2026-06-08_record_straight,t8,t12,407,3,
facebook,Two very different post-case moments reveal the unpredictable nature of legal battles. One client’s control prevented a,https://www.facebook.com/100076110496091/posts/1075015071712166,2026-06-08_record_straight,t24,t30,395,1,
facebook,The Democratic Socialists of America (DSA) supports candidates nationwide and holds specific views like defunding the po,https://www.facebook.com/100076110496091/posts/1078529251360748,2026-06-08_record_straight,t29,t30,395,3,
facebook,"When moving the Rams to LA, Stan Kroenke urged, 'Go big.' He also took a massive gamble on hiring 30-year-old Sean McVay",https://www.facebook.com/100076110496091/posts/1066508905896116,2026-06-08_record_straight,t20,t25,392,3,
facebook,"Ever wondered what a 92 Alpha Logistics Specialist does? For me, it's 6-month retraining and that's it. I love my job an",https://www.facebook.com/100076110496091/posts/1054838677063139,2026-06-08_record_straight,t17,t21,389,2,
facebook,"I always dreamed of being a rock star, but found my calling as a trial attorney. The public defender's office was the fi",https://www.facebook.com/100076110496091/posts/1042562648290742,2026-06-08_record_straight,t10,t16,375,3,
facebook,"In a surprising move, a Republican willing to appoint a Democrat? Yes, it happened. This isn't about politics, it's abou",https://www.facebook.com/100076110496091/posts/1023975640149443,2026-06-08_record_straight,t7,t7,373,7,
facebook,"1968 was a pivotal year. You were either a hippie or not, for or against the government, for or against revolution, for",https://www.facebook.com/100076110496091/posts/1031865002693840,2026-06-08_record_straight,t8,t13,373,1,
facebook,"With 14 ballot propositions, it's easy to feel overwhelmed. But understanding who's behind them and who opposes them rev",https://www.facebook.com/100076110496091/posts/1048879140992426,2026-06-08_record_straight,t16,t18,371,1,
facebook,"This bill, AB 1821, could significantly reduce transparency by limiting public access to information. While it might mak",https://www.facebook.com/100076110496091/posts/1045505197996487,2026-06-08_record_straight,t14,t16,367,1,
facebook,California missed its chance to secure billions in federal funding for a crucial rail project. Both the Jerry Brown and,https://www.facebook.com/100076110496091/posts/1077506848129655,2026-06-08_record_straight,t29,t30,361,1,
facebook,"The legal profession isn't just about constant conflict. Real advocacy means fostering respect and achieving goals, chal",https://www.facebook.com/100076110496091/posts/1075230318357308,2026-06-08_record_straight,t24,t30,358,2,
facebook,"Having three boys under six is a handful, but a strong village makes it possible. Thankfully, I've always had incredible",https://www.facebook.com/100076110496091/posts/1053972747149732,2026-06-08_record_straight,t17,t20,351,1,
facebook,"Meet Hector De La Torre, a dedicated local businessman and community leader. Having served on the Air Quality Board and",https://www.facebook.com/100076110496091/posts/1003402495540091,2026-06-08_record_straight,t0,t4,350,,
facebook,"When I spoke out against the DA during his election, he retaliated. After he won, I was moved from handling high-profile",https://www.facebook.com/100076110496091/posts/1081716034375403,2026-06-08_record_straight,t29,t30,350,4,
facebook,"The judge states that guilt is immaterial; everyone deserves a vigorous defense, especially against the government's vas",https://www.facebook.com/100076110496091/posts/1039928985220775,2026-06-08_record_straight,t10,t16,340,1,
facebook,"Exploring Downtown Downey led me to Tapoke Poke, a gem located at Gateway next to Starfish Sushi. It's a delightful asse",https://www.facebook.com/100076110496091/posts/1058038976743109,2026-06-08_record_straight,t17,t21,340,3,
facebook,"As a defense attorney, I navigate the courtroom by connecting with everyone: defendants, families, victims, witnesses, l",https://www.facebook.com/100076110496091/posts/1042367408310266,2026-06-08_record_straight,t10,t16,317,,
facebook,"Did you know the Declaration of Independence is only 1,337 words? Our founding fathers risked everything to sign it. Rea",https://www.facebook.com/100076110496091/posts/1031647209382286,2026-06-08_record_straight,t8,t13,316,5,
facebook,"A judge's true aim is to be seen as fair, even by those who don't get their desired outcome. It's about applying the law",https://www.facebook.com/100076110496091/posts/1072702725276734,2026-06-08_record_straight,t23,t30,315,1,
facebook,House fires leave behind more than just ashes. Victims face crippling financial losses and the threat of insurance scams,https://www.facebook.com/100076110496091/posts/1071790132034660,2026-06-08_record_straight,t22,t30,306,1,
facebook,"Sometimes, despite objections, it's important to give someone a chance. Through programs for drugs and mental health, th",https://www.facebook.com/100076110496091/posts/1004124238801250,2026-06-08_record_straight,t0,t4,296,,
facebook,Ask your assembly and state senate candidates about high-speed rail. How will they stop taxpayer dollars from sinking wi,https://www.facebook.com/100076110496091/posts/1077712034775803,2026-06-08_record_straight,t29,t30,292,3,
facebook,"Reflecting on success through the lens of influential figures like John Wooden, Mother Teresa, and Abraham Lincoln. A po",https://www.facebook.com/100076110496091/posts/1071008758779464,2026-06-08_record_straight,t22,t29,258,,
facebook,"Growing up, many friends faced legal troubles. Witnessing their struggles and hearing their claims of mistreatment spark",https://www.facebook.com/100076110496091/posts/1083373120876361,2026-06-08_record_straight,t29,t30,232,3,
facebook,"I'm usually not a matcha person, but this popular drink changed my mind. It tastes amazing and I feel like it's going to",https://www.facebook.com/100076110496091/posts/1084438017436538,2026-06-08_record_straight,t30,t30,228,1,
facebook,"The current approach to this project isn't serving residents, citizens, or homeowners. We can and must do better. Let's",https://www.facebook.com/100076110496091/posts/1065028832710790,2026-06-08_record_straight,t19,t25,226,1,
facebook,"Discover how empathy and authentic human connection transform conversations, especially when offering guidance. It's the",https://www.facebook.com/100076110496091/posts/1072475125299494,2026-06-08_record_straight,t23,t30,225,1,
facebook,"Being rated 'well qualified' for a judgeship is a significant achievement. It's not just prosecutors; defense attorneys,",https://www.facebook.com/100076110496091/posts/1003380628875611,2026-06-08_record_straight,t3,t3,209,,
facebook,Using legal expertise to help fire victims navigate traumatic experiences and financial devastation. Seeking justice and,https://www.facebook.com/100076110496091/posts/1071633438716996,2026-06-08_record_straight,t22,t30,185,2,
facebook,"Despite political divides, our nation's challenges pale in comparison to what past generations faced. We can make things",https://www.facebook.com/100076110496091/posts/1032543385959335,2026-06-08_record_straight,t8,t13,154,3,
facebook,Measure ER is on the ballot and it's designed to increase your taxes. Politicians present these measures with appealing,https://www.facebook.com/100076110496091/posts/1003397588873915,2026-06-08_record_straight,t3,t4,151,,
facebook,Serving our community starts with understanding. It's about forging real connections in Washington to ensure your voice,https://www.facebook.com/100076110496091/posts/1003390182207989,2026-06-08_record_straight,t3,t4,120,,
facebook,"Election season is here, and making informed decisions matters.  In this special Talking Downey episode, Mayor Mario Gue",https://www.facebook.com/100076110496091/posts/1002433145637026,2026-06-08_record_straight,t3,t3,117,,
facebook,"Reflecting on achievements in Pico Rivera and looking ahead to Congress. My commitment is to the people I serve, not pol",https://www.facebook.com/100076110496091/posts/1003405505539790,2026-06-08_record_straight,t0,t4,111,,
facebook,True leadership isn't about taking all the credit. It's about hiring talent that surpasses you and empowering them. The,https://www.facebook.com/100076110496091/posts/1069315098948830,2026-06-08_record_straight,t21,t25,108,4,
facebook,"Lived as a renter for 24 years, understanding the frustration of not being able to buy. I've experienced both good and b",https://www.facebook.com/100076110496091/posts/1082540877626252,2026-06-08_record_straight,t29,t30,99,,
facebook,"To high school students, especially African-American and Hispanic youth: know that while athletics are great, having a b",https://www.facebook.com/100076110496091/posts/1081912601022413,2026-06-08_record_straight,t29,t30,83,,
facebook,"Discover how embracing different cultures can uplift society, counteracting negative tech trends and building stronger i",https://www.facebook.com/100076110496091/posts/1003421938871480,2026-06-08_record_straight,t0,t4,56,,
facebook,"From serious crimes to hard decisions, this judge prioritizes fairness and community impact. Learn how a resolution for",https://www.facebook.com/100076110496091/posts/1003393768874297,2026-06-08_record_straight,t3,t4,56,,
facebook,"Bringing experience from civil and workman's comp law, this prosecutor is ready to learn family law. With a compassionat",https://www.facebook.com/100076110496091/posts/1003416038872070,2026-06-08_record_straight,t0,t4,55,,
facebook,"Sitting as a judge, many murder and serious violent felony cases, including sex crimes, pass through this court. A caree",https://www.facebook.com/100076110496091/posts/1003409435539397,2026-06-08_record_straight,t0,t4,34,,
facebook,"I wish politicians were honest with us, the public ! #stopthepromises #wedeservebetter",https://www.facebook.com/100076110496091/posts/1004363612110646,2026-06-08_record_straight,t0,t4,,,
facebook,,https://www.facebook.com/100076110496091/posts/1010605588153115,2026-06-08_record_straight,t1,t4,,,
facebook,,https://www.facebook.com/100076110496091/posts/1002849252262082,2026-06-08_record_straight,t3,t3,,,
facebook,,https://www.facebook.com/100076110496091/posts/1002849122262095,2026-06-08_record_straight,t3,t3,,,
facebook,,https://www.facebook.com/100076110496091/posts/1002848802262127,2026-06-08_record_straight,t3,t3,,,
facebook,"We recently did a short video sharing how I voted but I wanted to provide a little more detail.  As always, we never tel",https://www.facebook.com/100076110496091/posts/1002404538973220,2026-06-08_record_straight,t3,t3,,,
facebook,Downtowney night market is awesome ! Sponsored by the Downtown Downey Improvement Association (DDIA) ! #thisisdowney #do,https://www.facebook.com/100076110496091/posts/1022387490308258,2026-06-08_record_straight,t6,t7,,,
facebook,Great news for Downey. We’re getting our own Costco ! What a great win for our city. #thisisdowney   https://m.facebook.,https://www.facebook.com/100076110496091/posts/1020021033878237,2026-06-08_record_straight,t6,t7,,4,
facebook,We can’t wait ! Round One coming Downey !!,https://www.facebook.com/100076110496091/posts/1018140647399609,2026-06-08_record_straight,t6,t7,,1,
facebook,,https://www.facebook.com/100076110496091/posts/1017320884148252,2026-06-08_record_straight,t6,t7,,1,
facebook,"As we mentioned, great new additions to our Downtown. Mama Lu’s is awesome ! Good for us.   https://m.facebook.com/story",https://www.facebook.com/100076110496091/posts/1017212574159083,2026-06-08_record_straight,t6,t7,,3,
facebook,The best Thai restaurant in Downey. Narai Thai is amazing. We recommend the mango sticky rice ! #goodeats #downeyca #tha,https://www.facebook.com/100076110496091/posts/1023926693487671,2026-06-08_record_straight,t7,t7,,11,
facebook,Breakfast at Porto’s and lunch at Pho Gyu in Downtowney !! #goodeats #thisisdowney,https://www.facebook.com/100076110496091/posts/1036961868850820,2026-06-08_record_straight,t8,t16,,8,
facebook,,https://www.facebook.com/100076110496091/posts/1036214318925575,2026-06-08_record_straight,t8,t16,,1,
facebook,This new episodes delves and highlights the FAKE page behind the operatives trying to elect a disgraced politician using,https://www.facebook.com/100076110496091/posts/1025565666657107,2026-06-08_record_straight,t8,t9,,8,
facebook,Transparency in government shouldn’t be a partisan issue.  When a liberal Los Angeles Times reporter and a staunch Repub,https://www.facebook.com/100076110496091/posts/1025561426657531,2026-06-08_record_straight,t8,t9,,2,
facebook,Transparency in government shouldn’t be a partisan issue.  When a liberal Los Angeles Times reporter and a staunch Repub,https://www.facebook.com/100076110496091/posts/1025542666659407,2026-06-08_record_straight,t8,t8,,20,
facebook,,https://www.facebook.com/100076110496091/posts/1040915455122128,2026-06-08_record_straight,t10,t16,,,
facebook,"Fireworks tickets are $4,000. Residents were warn and yet 18 people got tickets. It was a crazy night in our city. Glad",https://www.facebook.com/100076110496091/posts/1039937421886598,2026-06-08_record_straight,t10,t16,,4,
facebook,🌺☀️ Another 😎 day in paradise! 🌴🌈  Started the morning with breakfast at Nalu’s in Kihei (one of favorite places)… and y,https://www.facebook.com/100076110496091/posts/1044393621440978,2026-06-08_record_straight,t13,t16,,13,
facebook,https://www.instagram.com/p/Dboa7azEpqS/?img_index=3&igsh=NTc4MTIwNjQ2YQ==,https://www.facebook.com/100076110496091/posts/1058217033391970,2026-06-08_record_straight,t17,t22,,,
facebook,https://www.facebook.com/1287140845/posts/10230855845881493/?mibextid=wwXIfr,https://www.facebook.com/100076110496091/posts/1058150973398576,2026-06-08_record_straight,t17,t21,,2,
facebook,Remembering Lance Corporal Josh Whittle. May we never forget our fallen. RIP Marine. #downeycares   https://www.facebook,https://www.facebook.com/100076110496091/posts/1056579053555768,2026-06-08_record_straight,t17,t21,,2,
facebook,https://m.facebook.com/story.php?story_fbid=1547189084101645&id=100064317031676&mibextid=wwXIfr,https://www.facebook.com/100076110496091/posts/1063142089566131,2026-06-08_record_straight,t18,t25,,3,
facebook,Rams have built a culture of excellence !,https://www.facebook.com/100076110496091/posts/1066419675905039,2026-06-08_record_straight,t19,t25,,,
facebook,My latest episode on Talking Downey was devoted to leadership and those who go “all in”. Had an opportunity to spend som,https://www.facebook.com/100076110496091/posts/1066631585883848,2026-06-08_record_straight,t20,t25,,1,
facebook,Mother Teresa and John Wooden. Two individuals who impacted so many lives.,https://www.facebook.com/100076110496091/posts/1071875185359488,2026-06-08_record_straight,t22,t30,,1,
facebook,Hopefully they improve this project and listen to the residents concerns.,https://www.facebook.com/100076110496091/posts/1071871695359837,2026-06-08_record_straight,t22,t30,,1,
facebook,"Today is a very sad day for our community.  One of the nicest and most special people I have ever known, Martha Sodetani",https://www.facebook.com/100076110496091/posts/1083475454199461,2026-06-08_record_straight,t29,t30,,23,
facebook,"🇺🇸 Five former mayors. One great leader. One important vote.  Tonight, five former Downey mayors came together to suppor",https://www.facebook.com/100076110496091/posts/1081263411087332,2026-06-08_record_straight,t29,t30,,54,
instagram,"25,000+ people gathered for a watch party at Stonewood Mall! Despite the $300k cost, it was a memorable event. Glad the",https://www.instagram.com/p/DadYgekkbdA/,2026-06-08_record_straight,t8,t14,7180,264,26
instagram,"A woman's outburst at a city council meeting, repeatedly warned by the mayor, led to her forceful escort out. Her action",https://www.instagram.com/p/DZWZsGMgoP7/,2026-06-08_record_straight,t1,t7,7031,93,17
instagram,"I grew up in Huntington Park, and I still own property there. But the rules and ordinances are hurting residents. They'r",https://www.instagram.com/p/DZYfcxOlHf6/,2026-06-08_record_straight,t1,t7,6289,206,25
instagram,"Guilty or not guilty? It's immaterial. Our principles demand everyone deserves a defense, especially against the governm",https://www.instagram.com/p/DavZoBdklx1/,2026-06-08_record_straight,t10,t16,5443,306,9
instagram,"Not everyone deployed sees combat, even with 20 years in. Your MOS matters. Logistics might deploy you to a warehouse, n",https://www.instagram.com/p/DbHN4Legte5/,2026-06-08_record_straight,t15,t18,5139,186,18
instagram,There's a fake page using AI videos to slander people in our city. Their logo is a 20-year-old photo I took. They're pla,https://www.instagram.com/p/DaDortkFQ-U/,2026-06-08_record_straight,t8,t8,4800,79,30
instagram,"Found an amazing pastrami sandwich at Pop's Wings! Toasted bread, tender pastrami, and sweet potato fries – a must-try.",https://www.instagram.com/p/DbD_pIxlCmU/,2026-06-08_record_straight,t14,t18,4752,128,12
instagram,"Round One is coming to Stonewood Mall, transforming the old Sears space! Get ready for a massive 150,000 sq ft of fun, f",https://www.instagram.com/p/DZsdg7gimLo/,2026-06-08_record_straight,t6,t7,4455,132,5
instagram,"Dreamed of college, but the cost was a barrier. Joined the Army, and they paid for everything. 13 years later, I have my",https://www.instagram.com/p/DbBpfVoDhqy/,2026-06-08_record_straight,t14,t17,4043,143,0
instagram,A candidate's DSA membership raises questions about their loyalties. Pledging to 'co-govern' with an organization means,https://www.instagram.com/p/DcmRRlAjPuo/,2026-06-08_record_straight,t29,t30,3870,226,18
instagram,"He admitted he messed up, but not for the reason you think. It wasn't just social media hate; it was emails too. He told",https://www.instagram.com/p/DZa2ZrjiGzO/,2026-06-08_record_straight,t2,t7,3805,78,17
instagram,"Don't believe the fake rumors. Married 42 years, no strippers, no cocaine at my bachelor party. Just guys, beer, and my",https://www.instagram.com/p/DaLXEVJDWDb/,2026-06-08_record_straight,t8,t9,3717,74,7
instagram,"Almost ran over a family. I got the license plate, checked on them. Turns out he's a Catholic deacon. You can't make thi",https://www.instagram.com/p/DaER_Nyjmef/,2026-06-08_record_straight,t8,t9,3551,69,6
instagram,"Lifelong Democrat, moderate. Focused on helping Downey, not politics. Endorsed by both parties because I get city busine",https://www.instagram.com/p/DZ5etOHEVU8/,2026-06-08_record_straight,t6,t7,3200,92,17
instagram,"Responded to your yapping, Downey! This one's to answer the last two shows. Wouldn't have done it if you hadn't mentione",https://www.instagram.com/p/DZVb7CEk9EY/,2026-06-08_record_straight,t0,t6,2848,47,2
instagram,My goal: share who we are in the military and what we really do. It's not just shooting guns. I'm a Logistics Specialist,https://www.instagram.com/p/DbEpLbqExEC/,2026-06-08_record_straight,t14,t18,2502,80,0
instagram,Mayor asks gang members to fight ICE. Federal investigation. Public disgrace. A viral video brought down a city leader.,https://www.instagram.com/p/DZV5etnjJ5e/,2026-06-08_record_straight,t1,t6,2489,57,2
instagram,"20 years later, this letter still resonates. It sparked the Downtown Improvement Association, proving one voice can igni",https://www.instagram.com/p/DaTETmgGgm8/,2026-06-08_record_straight,t8,t12,2390,39,5
instagram,"So many food choices right next to Porto's downtown Downey! From pho and Mongolian BBQ to poke and sushi, your taste bud",https://www.instagram.com/p/DZqTKyYAPq1/,2026-06-08_record_straight,t6,t7,2326,30,3
instagram,"Mr. Trujillo felt embarrassed to be American. When asked abroad, he claimed to be Mexican. But no matter how bad things",https://www.instagram.com/p/DZX3Dc8lAc0/,2026-06-08_record_straight,t1,t7,2208,58,15
instagram,"When the DA retaliated for speaking out, I was moved from Major Crimes. Imagine being removed from high-profile cases li",https://www.instagram.com/p/DcwJKGmDjfb/,2026-06-08_record_straight,t29,t30,2087,68,3
instagram,Heard of Downey Pizza Company's pastrami pizza? I've been eating it for years! Even ordered it during council sessions.,https://www.instagram.com/p/DbWCL69DXs6/,2026-06-08_record_straight,t17,t20,2072,19,3
instagram,"This Vietnamese coffee is the perfect midday pick-me-up! Buy one, get one half off at Tea Leaf Co. Amazing taste, just t",https://www.instagram.com/p/Dc34VfRDcLw/,2026-06-08_record_straight,t29,t30,2069,91,7
instagram,"A council member fined $13,000 for unreported campaign contributions. It's public record. This isn't new – Cudahy has el",https://www.instagram.com/p/DZY7e-_EVxh/,2026-06-08_record_straight,t2,t7,1999,44,1
instagram,Afraid to tell my grandparents I was joining. Signed the contract and shipped off weeks later. Now my grandma sees my ac,https://www.instagram.com/p/DbWqK3EDIvv/,2026-06-08_record_straight,t17,t21,1965,60,2
instagram,"La Chula Mexican food, a favorite, is getting surrounded by Asian cuisine! A new Mongolian BBQ is replacing Tacos Con To",https://www.instagram.com/p/DZp4vPxiuaQ/,2026-06-08_record_straight,t6,t7,1869,34,4
instagram,"From hardcore gang cases to high-profile death penalty trials, this judge has seen it all. Now, they handle the most ser",https://www.instagram.com/p/DZBFnkrAFRH/,2026-06-08_record_straight,t0,t4,1858,32,2
instagram,"Tried the Vietnamese coffee - amazing! Now for matcha, and I'm usually not a big fan, but this looks incredible. First o",https://www.instagram.com/p/Dc4hLqeFHzg/,2026-06-08_record_straight,t30,t30,1742,57,10
instagram,"City seal jacket for a bike ride? So what? This decision is all about owning it. Embracing the bold choice, no matter wh",https://www.instagram.com/p/DZdbpj2Eaxq/,2026-06-08_record_straight,t3,t7,1637,38,0
instagram,"Truth revealed: Accusations of attacking opponents, fueling division, and demeaning women are based on their own evidenc",https://www.instagram.com/p/DaGNPvWjcv1/,2026-06-08_record_straight,t8,t9,1626,31,4
instagram,"People are afraid to speak their truth and prefer fake AI narratives. I'm being followed, but I'm not backing down. If y",https://www.instagram.com/p/DaL_H1XCNmn/,2026-06-08_record_straight,t8,t9,1546,23,3
instagram,"FIFA's World Cup generates billions in profit, making it a top sporting event. But at what cost? Vancouver faces over $7",https://www.instagram.com/p/DZiJ5d1Co0p/,2026-06-08_record_straight,t4,t7,1522,16,1
instagram,"I experienced FIFA's questionable practices firsthand in Vancouver. They demanded Level 4 security, the kind reserved fo",https://www.instagram.com/p/DZfkho8DVwq/,2026-06-08_record_straight,t3,t7,1452,14,2
instagram,Sacramento's housing mandates are a struggle for built-out cities like Downey. We value local control and resent state o,https://www.instagram.com/p/Db3gVqdj8yS/,2026-06-08_record_straight,t18,t25,1422,45,9
instagram,"5 to 7 people die on LA streets daily. Years of this, yet no urgency. A complete failure of local government. The bigges",https://www.instagram.com/p/Dcl1vipE-Dq/,2026-06-08_record_straight,t29,t30,1392,131,3
instagram,Mr. Trujillo informed me about a seal amidst unauthorized merchandise. I’ll showcase the merchandise in the second video,https://www.instagram.com/p/DZdAwmUjOJF/,2026-06-08_record_straight,t2,t7,1319,24,4
instagram,"Election night 2006. Walking across the street, we realized we were in the middle of Downey Avenue for 25 minutes. Not o",https://www.instagram.com/p/DaTtgRigGY4/,2026-06-08_record_straight,t8,t13,1261,15,1
instagram,"Downey's downtown is buzzing with new Asian-style restaurants! While the local population is mainly Latino/Hispanic, the",https://www.instagram.com/p/DZnTtOzlVcG/,2026-06-08_record_straight,t4,t7,1256,28,0
instagram,Thought the military was just a job? It builds a bond unlike any other. Shared struggles create connections deeper than,https://www.instagram.com/p/DbUFe_9lVvE/,2026-06-08_record_straight,t17,t20,1253,20,0
instagram,Hosting FIFA watch parties in Downey on June 20th! Stonewood Mall and the Downtown District Association are closing down,https://www.instagram.com/p/DZilIFaiA_O/,2026-06-08_record_straight,t4,t7,1252,16,0
instagram,Misconception about public defenders: they don't care. The truth? We fight for clients with individualized attention. Ou,https://www.instagram.com/p/DawDRpGD1X6/,2026-06-08_record_straight,t10,t16,1246,43,5
instagram,"COVID lockdowns made everything virtual. But in court, presence matters. Showing up for clients, no matter what, builds",https://www.instagram.com/p/Da1L14eCGwb/,2026-06-08_record_straight,t10,t16,1235,40,1
instagram,"Three boys, 6, 5, and 4. They're a handful, but you can still serve and have babies. So thankful for my village—my famil",https://www.instagram.com/p/Dbb0as1oHNm/,2026-06-08_record_straight,t17,t21,1235,29,0
instagram,"They said I couldn't do it. A teenager in a gang-infested city, with no business reputation. So I ran for city council.",https://www.instagram.com/p/DY5ZGYTjuBg/,2026-06-08_record_straight,t3,t3,1193,44,4
instagram,"Came from Nicaragua at 8, didn't speak English. Now I bring that perspective to the bench. Appreciating freedoms others",https://www.instagram.com/p/DY3TbkGjB-F/,2026-06-08_record_straight,t3,t3,1191,31,0
instagram,"Money flows to FIFA, not local economies. Substitution, crowding out, and leakage mean less for us. Don't be fooled by t",https://www.instagram.com/p/DZgG-gTAbD-/,2026-06-08_record_straight,t3,t7,1189,12,2
instagram,Porto's secrets revealed! Try the chorizo & egg on Cuban bread for breakfast or their amazing frita burger. Cuban flavor,https://www.instagram.com/p/DbTcbKHAAlS/,2026-06-08_record_straight,t17,t20,1189,28,2
instagram,Craving Thai? Narai Thai on Firestone is a family-owned gem! Their Panang curry and mango sticky rice are a must-try. Am,https://www.instagram.com/p/Dbdv7xjDeSJ/,2026-06-08_record_straight,t17,t22,1158,20,1
instagram,"Mama Lu's is coming to Downey! This Asian restaurant is so loved, it's a go-to for special occasions. Their French tende",https://www.instagram.com/p/DZtGaD8FfMX/,2026-06-08_record_straight,t6,t7,1082,24,1
instagram,"Giving second chances, even when everyone objects. In programs for drugs and mental health, they earn it. Graduation mea",https://www.instagram.com/p/DZDI6wIHExj/,2026-06-08_record_straight,t0,t6,1079,13,3
instagram,"Stuck in traffic for hours, only to find rush hour hadn't even started. Homeowners in this area, we hear you. Your city",https://www.instagram.com/p/Db4IvI6D10E/,2026-06-08_record_straight,t18,t25,1060,15,3
instagram,"You won't believe Norms has a loco moco with fried rice and egg! It's comfort food perfection, especially with their end",https://www.instagram.com/p/DbJJ7CllJCB/,2026-06-08_record_straight,t15,t19,993,29,3
instagram,A proposed 145-unit residential condominium project on 6.1 acres is raising concerns among nearby residents and communit,https://www.instagram.com/p/DbvxZG6lOS-/,2026-06-08_record_straight,t17,t25,992,10,0
instagram,"From civil and workman's comp attorney to prosecutor. Ready to learn family law, bringing compassion and a unique defens",https://www.instagram.com/p/DZBHHeuEm8I/,2026-06-08_record_straight,t0,t4,954,11,0
instagram,"From Pico Rivera to aspirations of Congress, loyalty to constituents always comes first. Politics is about people, not t",https://www.instagram.com/p/DZBErmODigq/,2026-06-08_record_straight,t0,t4,943,26,0
instagram,Downtown dreams: envisioning a prosperous future. Imagine closing Downey Ave for a walking area – our dream! Night marke,https://www.instagram.com/p/DanqqwMET_4/,2026-06-08_record_straight,t8,t16,920,9,0
instagram,"New 41st seat created by gerrymandering. Vote Hector De La Torre, a local businessman and former assembly member, agains",https://www.instagram.com/p/DZBECgdk3ZJ/,2026-06-08_record_straight,t0,t4,917,10,0
instagram,"Pageant weekend: more than an event, it's an experience. Lasting friendships, unforgettable memories. As a former titleh",https://www.instagram.com/p/DaQgUHcDA4x/,2026-06-08_record_straight,t8,t12,912,30,2
instagram,"As a defense attorney, I bridge the gap between all parties in court. My focus: ensuring fairness and dignity for everyo",https://www.instagram.com/p/Da3IHrnDVRQ/,2026-06-08_record_straight,t10,t16,905,29,0
instagram,"She's a Republican, but she appointed a Democrat. Integrity and caring for the community are what matter. Helping senior",https://www.instagram.com/p/DZ_IEQTiBAD/,2026-06-08_record_straight,t7,t7,898,18,0
instagram,"Ethics code update: Officials must not promote violence, threats, harassment, intimidation, or discrimination. This appl",https://www.instagram.com/p/DbCNVeWlIhd/,2026-06-08_record_straight,t14,t17,897,12,1
instagram,"Graduated high school, tried college, but it wasn't the path. Impatient and needing a way to pay for school, the Army re",https://www.instagram.com/p/DbZPjEbj5cG/,2026-06-08_record_straight,t17,t21,875,9,0
instagram,"Traveling and meeting people from all over taught me to speak to everyone as I'd want to be spoken to. I'm direct, hones",https://www.instagram.com/p/DY57saoD3JU/,2026-06-08_record_straight,t3,t3,873,29,2
instagram,"Serving the community means building real relationships in Washington. It's about connection, not just policy. That's ho",https://www.instagram.com/p/DZBBiuJDXXi/,2026-06-08_record_straight,t3,t4,854,31,0
instagram,Cultural exchange builds better societies. It combats tech's dark side & boosts global ties. Let's foster understanding.,https://www.instagram.com/p/DZBIbqhD7Kq/,2026-06-08_record_straight,t0,t4,836,13,0
instagram,"Proud Bruin since the 80s! Lifetime alum, and yes, our boat was even named 'Mixed Marriage' with a Trojan wife. So excit",https://www.instagram.com/p/DcMvN68iGr6/,2026-06-08_record_straight,t21,t29,831,15,0
instagram,"15 years in the making: the Gateway sign is finally happening! Funded by arts and public funds, not police or general fu",https://www.instagram.com/p/Dal1JUEkgW4/,2026-06-08_record_straight,t8,t16,829,10,7
instagram,"This Korean BBQ spot in Downey is always packed! @letsgogidowney line is out the door on weekends. It's that good, and p",https://www.instagram.com/p/DZoVKT5jTzL/,2026-06-08_record_straight,t4,t7,819,22,0
instagram,"Running a restaurant means always wearing a smile, even when things are falling apart. You never know who's walking thro",https://www.instagram.com/p/DaoVA6tinyu/,2026-06-08_record_straight,t8,t16,819,19,2
instagram,Achieving 'well qualified' in judicial ratings is a significant accomplishment. It's a consensus built by defense attorn,https://www.instagram.com/p/DZA_j7wFNc1/,2026-06-08_record_straight,t3,t4,813,17,1
instagram,"The mission of pageantry? Empower, inspire, uplift. Compete in at least one pageant to finesse your walk, smile, and dev",https://www.instagram.com/p/DaN70DwDUQa/,2026-06-08_record_straight,t8,t9,804,27,1
instagram,"Carrie, you're known for helping seniors with wills and trusts. It's more than a business; it's a ministry. You've helpe",https://www.instagram.com/p/DZ5-efKCMPm/,2026-06-08_record_straight,t6,t7,802,9,0
instagram,New Pho spot opened in Downey Gateway! GYU Pho is just 3 weeks old and I've already been 3 times. Their Lomo Saltado is,https://www.instagram.com/p/DZn8ckZiQWD/,2026-06-08_record_straight,t4,t7,799,10,3
instagram,"At the public hearing for the proposed Downey condo project, residents made their voices heard. According to remarks sha",https://www.instagram.com/p/DbwazwmAC3P/,2026-06-08_record_straight,t17,t25,788,8,2
instagram,Childhood friends in trouble with the law inspired a future lawyer. Protecting rights and ensuring fair treatment became,https://www.instagram.com/p/Dc1TF58gZP8/,2026-06-08_record_straight,t29,t30,767,54,0
instagram,"Politicians promised change on ICE, but delivered little. Real policy change requires honesty and collective effort, not",https://www.instagram.com/p/DZDTyVSlnTb/,2026-06-08_record_straight,t0,t6,762,8,0
instagram,"Regarding the Honda World Project: Six and a half hours later, the residents voted 5-0 to reject it. Exhausted at 1 AM a",https://www.instagram.com/p/Db8o5uTjEQN/,2026-06-08_record_straight,t19,t25,760,13,1
instagram,"Fairness and tough calls are my career. Even for a 2-time Super Bowl champ with gun charges, we found a win-win: he gave",https://www.instagram.com/p/DZBCTYmH46R/,2026-06-08_record_straight,t0,t4,746,10,0
instagram,"Graffiti on Downey Avenue? It's cleaner now because we designed it out. If it reappears, it's because we, as residents,",https://www.instagram.com/p/DaqPqsKGqOf/,2026-06-08_record_straight,t9,t16,738,13,0
instagram,California lost billions in federal funding because the Newsom administration and Rob Bonta failed to meet their obligat,https://www.instagram.com/p/DchWHrUE0y0/,2026-06-08_record_straight,t29,t30,736,22,2
instagram,"Tired of red tape? Yeah, me too. But even when I was in business, I saw how much effort goes into 'getting things done.'",https://www.instagram.com/p/DalF4FwEgIc/,2026-06-08_record_straight,t8,t16,735,8,1
instagram,1968: A year of stark divisions. Hippie or not? For government or against? Revolution or status quo? War or peace? We lo,https://www.instagram.com/p/DaWSgLLAd8j/,2026-06-08_record_straight,t8,t13,726,7,1
instagram,"Election season is here, and making informed decisions matters.  In this special Talking Downey episode, Mayor Mario Gue",https://www.instagram.com/p/DY-OJ_XvXuP/,2026-06-08_record_straight,t3,t3,705,17,2
instagram,"Life experience shapes a prosecutor. Growing up, losing parents, overcoming obstacles – it all builds empathy and belief",https://www.instagram.com/p/DczXoZVCfie/,2026-06-08_record_straight,t29,t30,704,58,0
instagram,"My favorite Chinese spot? My Home! Been going for years. Mongolian beef, dumplings, orange chicken... amazing. Don't mis",https://www.instagram.com/p/DbmHb3pChqc/,2026-06-08_record_straight,t17,t23,697,14,1
instagram,"Downtown Downey is walkable! La Chula Mexican Food, opened mid-COVID, has amazing food. Tried the burrito yesterday: hal",https://www.instagram.com/p/Dbld3FzjtM8/,2026-06-08_record_straight,t17,t23,691,13,1
instagram,"We seem divided, but our forefathers faced tougher times. Let's talk, hold hands, and move forward. Opportunity and hope",https://www.instagram.com/p/DaYOsXRDFna/,2026-06-08_record_straight,t8,t13,685,13,0
instagram,Former civil and workman's comp attorney ready to tackle family law. Bringing empathy from representing injured workers,https://www.instagram.com/p/DY7q0BHAdfC/,2026-06-08_record_straight,t3,t3,673,13,0
instagram,Theater kid to trial attorney. Finding the thrill of litigation and the purpose of public service. The autonomy and clie,https://www.instagram.com/p/Da3xs8zDvsZ/,2026-06-08_record_straight,t10,t16,669,17,0
instagram,"California's planning commission is in a bind. State laws like SB 9, AB 1893, and SB 79 are mandating higher density hou",https://www.instagram.com/p/Db6EN8qDpVi/,2026-06-08_record_straight,t18,t25,665,10,2
instagram,"Founding Fathers signed their death warrant declaring independence. The Declaration is just 1,337 words. Great things do",https://www.instagram.com/p/DaVqSexiKAV/,2026-06-08_record_straight,t8,t13,664,8,0
instagram,"Find your inner strength through competition. It's not about beating others, but about discovering your own grit and abi",https://www.instagram.com/p/DaOkjaxiaM2/,2026-06-08_record_straight,t8,t9,662,11,3
instagram,"Served on Public Works for years, learned our city's secrets. From water wells to street repaving, it ignited a passion",https://www.instagram.com/p/DZ75cncEfDv/,2026-06-08_record_straight,t6,t7,657,31,1
instagram,Walking distance to amazing sushi in Downey! Starfish Sushi's bento box lunch special is out of this world. So much food,https://www.instagram.com/p/DbbLI_njb-2/,2026-06-08_record_straight,t17,t21,644,12,1
instagram,"This bill restricts public records requests, allowing cities to charge high fees and deny requests based on 'nefarious'",https://www.instagram.com/p/Da6WNMdivQz/,2026-06-08_record_straight,t13,t16,633,17,4
instagram,"America offers so much. Even with our flaws, we're unique. Let's appreciate this country and its progress. #USA #America",https://www.instagram.com/p/DaWg5ZeDMdX/,2026-06-08_record_straight,t8,t13,628,15,1
instagram,"From a tough childhood in a low-income neighborhood, to running for city attorney. Empathy, resilience, and understandin",https://www.instagram.com/p/DctkzsIDCDH/,2026-06-08_record_straight,t29,t30,608,76,4
instagram,"Voting is personal, but Measure ER on the county ballot? It's a tax hike disguised as a good cause. Let's say no to risi",https://www.instagram.com/p/DZBDAKpknOv/,2026-06-08_record_straight,t0,t4,607,6,0
instagram,"A due process junkie who respects our justice system. It's not perfect, and we all have biases, but I'm committed to lif",https://www.instagram.com/p/Dax9-i_CERk/,2026-06-08_record_straight,t10,t16,607,25,6
instagram,"Did you know Chipotle has a secret menu? I learned about their amazing quesadilla, not listed on the regular menu, and i",https://www.instagram.com/p/DbqndQZiEw5/,2026-06-08_record_straight,t17,t23,594,7,0
instagram,"He doubted himself, thinking he wasn't smart enough. No family support, but he wanted to join. Now graduated and confide",https://www.instagram.com/p/DbLuXqyDlCB/,2026-06-08_record_straight,t16,t20,587,9,0
instagram,"Get the right people on your bus, and the wrong people off. Ensure everyone's in the right seat. Talent and drive are ke",https://www.instagram.com/p/DcJh_mlgPqY/,2026-06-08_record_straight,t21,t25,581,6,0
instagram,IHOP's ham and cheese omelet: a lighter side with sauce for under $9! Includes endless coffee. Perfect for a weekday esc,https://www.instagram.com/p/DbtNJ3iFpPw/,2026-06-08_record_straight,t17,t25,559,9,0
instagram,"Discover Poached: a breakfast and lunch gem in North Downey! Fresh ingredients, amazing Eggs Benedict, and a must-try ha",https://www.instagram.com/p/DbYl5AUjxIt/,2026-06-08_record_straight,t17,t21,549,14,0
instagram,"Don't be fooled by deceptive ballot propositions. This $11 billion bond, called the Veterans and Affordable Housing Bond",https://www.instagram.com/p/DbGkNw0gZAH/,2026-06-08_record_straight,t15,t18,548,4,0
instagram,"Neighborhood watch groups are incredibly effective! One group alerted police to speeding, leading to the discovery of na",https://www.instagram.com/p/DZ-jSDODAdH/,2026-06-08_record_straight,t7,t7,545,21,0
instagram,"Going through old photos from UCLA player interviews. Remembered Troy Aikman, Sean LaChappelle, and so many unforgettabl",https://www.instagram.com/p/DcMGz8VjEPp/,2026-06-08_record_straight,t21,t25,535,2,0
instagram,Our streets are getting paved thanks to a $30M city investment! And amazing graffiti and pothole removal services. Repor,https://www.instagram.com/p/DZ8i7D6j4Zm/,2026-06-08_record_straight,t6,t7,531,20,1
instagram,The Planning Commission meeting is back on August 18th. Public comments are welcome as staff addresses findings. A 'no',https://www.instagram.com/p/Db_OuL4jOSO/,2026-06-08_record_straight,t19,t25,521,5,0
instagram,Starting as a defense attorney means facing bias. People assume guilt. But our system presumes innocence until proven gu,https://www.instagram.com/p/DaynC2BgPRT/,2026-06-08_record_straight,t10,t16,518,14,0
instagram,"YIMBY Law threatens lawsuits over housing projects, citing state laws. They claim projects address concerns, but critics",https://www.instagram.com/p/Db6uOWYEtlv/,2026-06-08_record_straight,t18,t25,516,7,0
instagram,"Exciting times in our Downey food venture! I'm your official taste tester, ready to explore local, privately owned gems.",https://www.instagram.com/p/DZvrAUGFRm3/,2026-06-08_record_straight,t6,t7,510,11,0
instagram,"Young entrepreneurs, listen up! Athletes dream big, but have a backup plan. Become a business owner, create jobs, and ma",https://www.instagram.com/p/DcwzS09oHsf/,2026-06-08_record_straight,t29,t30,508,27,3
instagram,"FIFA is a money-making machine, but what about the locals? In Downey, we're choosing to have fun with it. A huge event i",https://www.instagram.com/p/DZkuryUj_Qq/,2026-06-08_record_straight,t4,t7,496,2,0
instagram,"Downey's rich aerospace history: from Volty Aircraft runways to designing Apollo modules. After 30,000 jobs left, the co",https://www.instagram.com/p/Daay8f6DcsC/,2026-06-08_record_straight,t8,t14,485,25,1
instagram,"House fires destroy more than homes. They leave behind financial devastation, insurance nightmares, and a long road to r",https://www.instagram.com/p/DcRquRBCclO/,2026-06-08_record_straight,t22,t30,485,5,0
instagram,"Hire people better than you. Get their buy-in. Everyone rowing in the same direction, knowing what a win looks like. Ask",https://www.instagram.com/p/DcKK3ZiFEW0/,2026-06-08_record_straight,t21,t25,471,6,0
instagram,"Looking for a judge ready on day one. Honor, dignity, integrity are key. My experience in the community and trial work m",https://www.instagram.com/p/Da5zgBwAEEA/,2026-06-08_record_straight,t13,t16,463,18,0
instagram,"California's billionaire tax? It might cost us more than it makes. Proposed 5% tax could drive billionaires out, costing",https://www.instagram.com/p/DbJyQyeFB0C/,2026-06-08_record_straight,t15,t19,461,5,0
instagram,"Obsessed with molcajete! This sizzling lava pot with carne asada, chicken, chorizo, cactus, spicy sauce, and cheese is u",https://www.instagram.com/p/Dbosi2tifsb/,2026-06-08_record_straight,t17,t23,461,6,0
instagram,"100 jury trials? Not one. She's running for LA's top attorney, but has never managed anyone. Real parallels to Gascón's",https://www.instagram.com/p/DcmfoMLCjie/,2026-06-08_record_straight,t29,t30,456,6,1
instagram,"Ladies, stop second-guessing. Your time is NOW. Take the leap of faith, embrace your individuality, and bring what you h",https://www.instagram.com/p/DaRJ20QDahr/,2026-06-08_record_straight,t8,t12,447,10,1
instagram,"Even in tough seasons, the goal was always to improve. The NFL rewards balance, but some teams go all-in. Success means",https://www.instagram.com/p/Db_pgTzjkBS/,2026-06-08_record_straight,t19,t25,443,4,0
instagram,"Transparency matters. This bill risks limiting public access to information, a slippery slope towards less trust. We nee",https://www.instagram.com/p/DbBbMGPjZM-/,2026-06-08_record_straight,t14,t17,439,5,0
instagram,"Craving poke in Downtown Downey? Tapoke Poke at Gateway offers a fresh, customizable experience. Build your bowl with br",https://www.instagram.com/p/DboDDjBANAq/,2026-06-08_record_straight,t17,t23,434,3,0
instagram,"As a 92 Alpha Logistics Specialist, I only touch a weapon for retraining. Spreading knowledge about who we really are he",https://www.instagram.com/p/DbeY9YJlKoR/,2026-06-08_record_straight,t17,t22,431,4,1
instagram,Predatory pricing and rent gouging explained through a student's experience. See the gap between legal theory and real-w,https://www.instagram.com/p/DcR5WgHiGZN/,2026-06-08_record_straight,t22,t30,426,8,0
instagram,The Fun Box is a family hit! Amazing diversity from restaurants like Diosa and Silver Lake Ramen. Get ready for family-f,https://www.instagram.com/p/DZvB3Whkp_2/,2026-06-08_record_straight,t6,t7,409,8,2
instagram,"14 ballot propositions? Don't just read them, understand who's pushing them. Your state is worth fighting for. Stay and",https://www.instagram.com/p/DbMXcskjRh6/,2026-06-08_record_straight,t16,t20,401,3,0
instagram,"Stan Kroenke's advice for LA: 'Don't go small, go big.' He also took a huge gamble hiring a 30-year-old coach, Sean McVa",https://www.instagram.com/p/DcBzBdXjyP3/,2026-06-08_record_straight,t20,t25,395,4,0
instagram,The courtroom drama doesn't end with the verdict. Witness two powerful moments of post-case interactions: one of avoidan,https://www.instagram.com/p/DcbuimbFCnv/,2026-06-08_record_straight,t24,t30,394,5,0
instagram,Answer your juror summons. You'd want a juror like you. Ensure the process works and everyone has dignity. Justice depen,https://www.instagram.com/p/Da0ipWlE9kl/,2026-06-08_record_straight,t10,t16,389,17,1
instagram,"Remember Proposition 1A in 2008? It authorized $9 billion for high-speed rail, estimated to cost $19 billion after 30 ye",https://www.instagram.com/p/DcgtWkvAY3e/,2026-06-08_record_straight,t29,t30,358,5,0
instagram,"Rams went all-in: Traded for Stafford, won the Super Bowl. Now, they've drafted their QB of the future and traded for My",https://www.instagram.com/p/DcCc0IOivfQ/,2026-06-08_record_straight,t20,t25,356,4,0
instagram,"The World Cup brings passion, but let's celebrate responsibly. Seeing cities torn down or havoc caused after a win isn't",https://www.instagram.com/p/DaeBnhYHUIP/,2026-06-08_record_straight,t8,t14,352,11,1
instagram,Are we called to be successful? Mother Teresa's powerful response to a reporter challenges the very definition of succes,https://www.instagram.com/p/DcPUsmjgt-8/,2026-06-08_record_straight,t22,t30,340,10,0
instagram,Using legal skills to help fire victims. Guiding them through trauma and financial recovery after devastating loss. #Leg,https://www.instagram.com/p/DcRQD71FaNg/,2026-06-08_record_straight,t22,t30,333,9,0
instagram,"Empowering residents and homeowners means doing better. Let's build housing, consider traffic, and explore different sty",https://www.instagram.com/p/Db9SyK0keNZ/,2026-06-08_record_straight,t19,t25,314,4,1
instagram,"The ideal judge ensures fairness, even in difficult outcomes. People leave respecting the process, not feeling targeted.",https://www.instagram.com/p/DcUeDUYj7BD/,2026-06-08_record_straight,t23,t30,313,5,0
instagram,"Blessed to be on the sidelines of UCLA games, but a win means pastrami from The Hat! After a tough season, we finally in",https://www.instagram.com/p/DcOuJRfiPGi/,2026-06-08_record_straight,t22,t30,307,6,0
instagram,"From conservative roots to inclusive heart. My journey as a gay man shaped my empathy. Now, campaigning for judge, I lis",https://www.instagram.com/p/DceIxSBCq37/,2026-06-08_record_straight,t24,t30,307,4,0
instagram,"Two bills we championed: one stopped a condo liquidated damages fee hike from 3% to 6%, saving buyers money. The other e",https://www.instagram.com/p/DaBDxXhlMA5/,2026-06-08_record_straight,t7,t7,303,8,0
instagram,"Judicial integrity is paramount. Understanding law and facts, applying them without bias—that's the core. Non-partisan j",https://www.instagram.com/p/DcewqIMAcHV/,2026-06-08_record_straight,t24,t30,299,8,0
instagram,Lawyers aren't just fighters; they're problem solvers. True advocacy means achieving goals with respect and human connec,https://www.instagram.com/p/DccM1wFjRdb/,2026-06-08_record_straight,t24,t30,288,11,0
instagram,Running for office? Voters want answers. What's your stance on high-speed rail? How will you stop taxpayer dollars from,https://www.instagram.com/p/Dcj6eknj8MZ/,2026-06-08_record_straight,t29,t30,287,7,0
instagram,Target Crimes Division: tackling everything from stalking and child abduction to animal cruelty and arson. Nuisance fire,https://www.instagram.com/p/Dc18GwpCk2U/,2026-06-08_record_straight,t29,t30,273,41,0
instagram,"True connection starts with warmth. When offering advice, lead with empathy, not just answers. Genuine human connection",https://www.instagram.com/p/DcT0LBOialb/,2026-06-08_record_straight,t23,t30,262,5,0
instagram,"A buzz is building in Downey for the championship game! Downey Ave closes July 19th for TVs, food, and family fun. Get r",https://www.instagram.com/p/Daf8aOJiPHa/,2026-06-08_record_straight,t8,t14,246,15,9
instagram,"Carrie Uva for Downey City Council District 4. Focused on public safety, quality of life, balanced budget, and supportin",https://www.instagram.com/p/DaBs-GAFNZI/,2026-06-08_record_straight,t7,t7,243,5,0
instagram,Billions in federal funding lost due to missed obligations. The state forgot to secure funding for major rail projects.,https://www.instagram.com/p/DcjRCWWHdND/,2026-06-08_record_straight,t29,t30,231,3,0
instagram,"City Attorney with lived experience, not a privileged background. My life and work pledge to be YOUR attorney. See the d",https://www.instagram.com/p/DcuNiG9gVIE/,2026-06-08_record_straight,t29,t30,224,12,0
instagram,"Rented for 24 years before buying my first place. I get the frustration of young people, but keep pushing forward. Lived",https://www.instagram.com/p/Dcyt9yEEtQp/,2026-06-08_record_straight,t29,t30,211,7,0
instagram,"We focus too much on what divides us, forgetting how sports unite us. The World Cup brings different generations, langua",https://www.instagram.com/p/DagmdFPkWlN/,2026-06-08_record_straight,t8,t15,149,10,1
instagram,"Our social media growth is exponential! Over 100k views combined, with 54k+ on one platform alone in just two weeks. We'",https://www.instagram.com/p/DaihUOCjJKZ/,2026-06-08_record_straight,t8,t15,99,21,1
instagram,"Keeping our community involved is the whole point! Your questions drive what we explore, from new restaurants to excitin",https://www.instagram.com/p/DajKR2GIEBp/,2026-06-08_record_straight,t8,t16,2,8,3
instagram,"Today, June 9th, is a day that forever changed my life. It’s the anniversary of the tragic plane crash that took my brot",https://www.instagram.com/p/DZXzhW8FOgk/,2026-06-08_record_straight,t1,t7,,27,3
instagram,"Happy Election Saturday!  As usual, Ann and I voted in person. That’s just our personal preference, but however you choo",https://www.instagram.com/p/DY-wbQ_Adyc/,2026-06-08_record_straight,t3,t4,,20,1
instagram,"We recently did a short video sharing how I voted but I wanted to provide a little more detail.  As always, we never tel",https://www.instagram.com/p/DY-Jmu9mnK6/,2026-06-08_record_straight,t3,t3,,32,1
instagram,Breakfast at Porto’s and lunch at Pho Gyu in Downtowney !! #goodeats #thisisdowney,https://www.instagram.com/p/DalnvVWkpdl/,2026-06-08_record_straight,t8,t16,,6,0
instagram,Transparency in government shouldn’t be a partisan issue.  When a liberal Los Angeles Times reporter and a staunch Repub,https://www.instagram.com/p/DaD9I0ugR1A/,2026-06-08_record_straight,t8,t9,,17,3
instagram,"🃏❤️ Traditions matter… especially the ones built on friendship, baseball and memories. ❤️🃏  Last night was our 33rd Annu",https://www.instagram.com/p/DaJy5M2m5bT/,2026-06-08_record_straight,t8,t9,,47,0
instagram,This new episodes delves and highlights the FAKE page behind the operatives trying to elect a disgraced politician using,https://www.instagram.com/p/DaD9nhzBMPo/,2026-06-08_record_straight,t8,t9,,30,2
instagram,🇺🇸🎙️ What a privilege to have Staff Sergeant Tracy Duran on this week’s episode of Talking Downey!  A proud Downey High,https://www.instagram.com/p/Da1ZZBBiasJ/,2026-06-08_record_straight,t10,t16,,50,6
instagram,🌺☀️ Another 😎 day in paradise! 🌴🌈  Started the morning with breakfast at Nalu’s in Kihei (one of favorite places)… and y,https://www.instagram.com/p/Da90E41lRF8/,2026-06-08_record_straight,t13,t17,,31,0
instagram,One of our favorite places for Thai food—and one of the great restaurants in Downey—is Narai Thai. ❤️🇹🇭  A few nights ag,https://www.instagram.com/p/DcMtG5Uj-yA/,2026-06-08_record_straight,t21,t25,,52,3
instagram,"🎙️ Great conversation today on the Talking Downey podcast!  I had the privilege of sitting down with John McKinney, cand",https://www.instagram.com/p/DceoBRWEiuX/,2026-06-08_record_straight,t24,t30,,114,5
instagram,"Today is a very sad day for our community.  One of the nicest and most special people I have ever known, Martha Sodetani",https://www.instagram.com/p/Dc1mE0pEicZ/,2026-06-08_record_straight,t29,t30,,42,0
tiktok,Combat jobs aren't for everyone. See how your MOS determines deployment likelihood and what 'getting deployed' really me,https://www.tiktok.com/@talkingdowney/video/7665489948962786573,2026-06-08_record_straight,t15,t18,37900,2472,126
tiktok,"Get ready! Round One is taking over the old Sears at Stonewood Mall. This massive 150,000 sq ft entertainment complex is",https://www.tiktok.com/@talkingdowney/video/7652410324917685518,2026-06-08_record_straight,t9,t9,29200,2513,59
tiktok,"Watch party in Stonewood Mall! Over 25,000 people showed up for this epic event. Cost $300k but worth it for the vibes.",https://www.tiktok.com/@talkingdowney/video/7659459973302209806,2026-06-08_record_straight,t9,t15,27400,806,65
tiktok,"Mama Lu's is coming to Downey! Asian community favorite, famous for their tenderloin. Get ready for authentic flavors! #",https://www.tiktok.com/@talkingdowney/video/7652501536588827917,2026-06-08_record_straight,t9,t9,13600,951,20
tiktok,Grew up in Huntington Park and still own property there. The city's o...,https://www.tiktok.com/@talkingdowney/video/7649533097112898830,2026-06-08_record_straight,t3,t4,9839,548,28
tiktok,Pop's Wings just opened and it's a must-try! Their pastrami sandwich with sweet potato fries is a game-changer. #Foodie,https://www.tiktok.com/@talkingdowney/video/7665027894363639054,2026-06-08_record_straight,t14,t18,8352,405,20
tiktok,"World Cup profits hit $11 billion for FIFA, potentially reaching $13 ...",https://www.tiktok.com/@talkingdowney/video/7650926711223209229,2026-06-08_record_straight,t4,t4,6053,75,2
tiktok,Fake pages are using AI videos and stealing content from the Downey Beat! They plagiarized a 20-year-old photo for their,https://www.tiktok.com/@talkingdowney/video/7655750057278426381,2026-06-08_record_straight,t9,t9,4301,118,7
tiktok,"Downtown Downey sushi spot alert! Starfish Sushi's bento box lunch is a must-try – seriously, you get SO much delicious",https://www.tiktok.com/@talkingdowney/video/7668367723398843662,2026-06-08_record_straight,t17,t21,4148,169,11
tiktok,"Downey is a built-out city, but Sacramento requires us to build 6,100 new homes. Local officials resent state mandates o",https://www.tiktok.com/@talkingdowney/video/7672447789200149774,2026-06-08_record_straight,t18,t25,3520,107,26
tiktok,"Downey's food scene is wild! Porto's, pho, Mongolian BBQ, Waba Grill, poke, and Starfish Sushi - all within steps. Decis",https://www.tiktok.com/@talkingdowney/video/7652099785448574221,2026-06-08_record_straight,t9,t9,3346,101,3
tiktok,"My Home Chinese food review: Mongolian beef, dumplings, orange chicken, and the shrimp with walnut are AMAZING. Highly r",https://www.tiktok.com/@talkingdowney/video/7669943807554751758,2026-06-08_record_straight,t17,t23,2900,125,5
tiktok,"High school grad? College wasn't the move. Impatient and needed cash, so the Army recruiter's office became history. #Ar",https://www.tiktok.com/@talkingdowney/video/7668089090386054413,2026-06-08_record_straight,t17,t21,2709,61,0
tiktok,"Chaos in council chambers! Yelling, police escort, and a final warnin...",https://www.tiktok.com/@talkingdowney/video/7649232184737369357,2026-06-08_record_straight,t3,t4,2555,35,0
tiktok,"Voting is personal, but this tax-increasing Measure ER? It's a hard N...",https://www.tiktok.com/@talkingdowney/video/7646154480542698766,2026-06-08_record_straight,t3,t4,2458,17,3
tiktok,"Downy's best breakfast & lunch spot, Poached! Fresh ingredients, amazing Benedicts, and tasty omelets. You have to try i",https://www.tiktok.com/@talkingdowney/video/7667996806277598478,2026-06-08_record_straight,t17,t21,2297,99,1
tiktok,"Responding to your yapping, Downey! Big things are happening. This is...",https://www.tiktok.com/@talkingdowney/video/7649093006326271245,2026-06-08_record_straight,t0,t8,2205,48,1
tiktok,Council members fined thousands for campaign finance violations. Corr...,https://www.tiktok.com/@talkingdowney/video/7649597094340087053,2026-06-08_record_straight,t3,t4,2125,106,2
tiktok,Downey Pizza Company's pastrami pizza is a legendary secret! Used to order it during council meetings as mayor. It's a m,https://www.tiktok.com/@talkingdowney/video/7667623973504421134,2026-06-08_record_straight,t17,t21,2075,74,3
tiktok,"From hardcore gang cases to murder trials, this judge has seen it all...",https://www.tiktok.com/@talkingdowney/video/7646160480758697230,2026-06-08_record_straight,t3,t4,2055,63,0
tiktok,Porto's secrets revealed! Try the chorizo and egg on Cuban bread or their amazing frita sandwich. You won't regret it. #,https://www.tiktok.com/@talkingdowney/video/7667252428076633358,2026-06-08_record_straight,t17,t20,1941,68,7
tiktok,"UCLA forever! Lifetime member since the 80s, and yes, the mixed marriage (wife USC grad) is going strong. Can't wait for",https://www.tiktok.com/@talkingdowney/video/7675509807876427021,2026-06-08_record_straight,t21,t30,1827,125,4
tiktok,Politicians' promises often fall short. Real change needs honesty & e...,https://www.tiktok.com/@talkingdowney/video/7646481393416965389,2026-06-08_record_straight,t0,t8,1480,73,0
tiktok,FIFA watch parties are coming to Downey! Join the city on June 20th a...,https://www.tiktok.com/@talkingdowney/video/7650988634283216141,2026-06-08_record_straight,t4,t4,1457,47,0
tiktok,Buy one get one half off Vietnamese coffee? Yes please! This small business has the perfect pick-me-up. Sweet but not to,https://www.tiktok.com/@talkingdowney/video/7681726954592095501,2026-06-08_record_straight,t29,t30,1419,71,4
tiktok,Nara Thai is an amazing family-owned gem on Firestone. Get the Panang curry and sticky mango rice – you won't regret it!,https://www.tiktok.com/@talkingdowney/video/7668736692991347981,2026-06-08_record_straight,t17,t22,1363,50,2
tiktok,"Championship game watch party! Downey Ave closed for the July 19th finals. Food, family fun, and soccer vibes all day! #",https://www.tiktok.com/@talkingdowney/video/7659832233829747982,2026-06-08_record_straight,t9,t16,1306,28,4
tiktok,"UCLA wins mean pastrami from The Hat! Last year was tough, but the tradition is back. Nothing beats it after a victory.",https://www.tiktok.com/@talkingdowney/video/7675787777241402637,2026-06-08_record_straight,t22,t30,1278,54,1
tiktok,Downtown Downey's hidden gem: La Chula Mexican Food! Tried their amazing burrito with shrimp and carne asada. Tart green,https://www.tiktok.com/@talkingdowney/video/7669851542584839438,2026-06-08_record_straight,t17,t23,1274,53,2
tiktok,"Fake news spreading like wildfire! Married 42 years, never seen a stripper or cocaine. Laughing it off, but the rumors h",https://www.tiktok.com/@talkingdowney/video/7656863614401252622,2026-06-08_record_straight,t9,t9,1233,42,3
tiktok,Councilman drops F-bombs and tells elderly resident to F off in leake...,https://www.tiktok.com/@talkingdowney/video/7649874824608632078,2026-06-08_record_straight,t3,t4,1174,38,0
tiktok,Keeping our community involved in Downey! Your questions and ideas shape what we do. Get ready for exciting new things c,https://www.tiktok.com/@talkingdowney/video/7660296577105284365,2026-06-08_record_straight,t9,t16,1154,50,7
tiktok,92 Alpha Logistics Specialist: The only time a weapon is picked up is for 6-month retraining. Spreading knowledge about,https://www.tiktok.com/@talkingdowney/video/7668830477624626445,2026-06-08_record_straight,t17,t23,1153,75,0
tiktok,13 years in the Army and they paid for college. Psychology degree achieved! You can enlist and get your education fully,https://www.tiktok.com/@talkingdowney/video/7664687617018957069,2026-06-08_record_straight,t14,t17,1148,53,0
tiktok,"Election night 2006, standing in the middle of Downey Ave for 25 minutes, not a single car passed. Downtown had changed",https://www.tiktok.com/@talkingdowney/video/7658068148578520333,2026-06-08_record_straight,t9,t13,1124,25,2
tiktok,"Downey's incredible history: from runways and Apollo modules to reinventing itself after losing 30,000 jobs. What's next",https://www.tiktok.com/@talkingdowney/video/7659090864009973005,2026-06-08_record_straight,t9,t15,1102,32,2
tiktok,Think Norms is just for breakfast? Think again! They've got an insane loco moco with fried rice and an egg on top. Under,https://www.tiktok.com/@talkingdowney/video/7665769022075538701,2026-06-08_record_straight,t15,t18,1101,39,2
tiktok,"Embarrassed to be American? Pride in this country is essential, espec...",https://www.tiktok.com/@talkingdowney/video/7649442382806600974,2026-06-08_record_straight,t3,t4,1098,32,6
tiktok,"Molcajete perfection! 🔥 Lava pot with carne asada, chicken, chorizo, cactus, spicy sauce, and melty cheese. You NEED to",https://www.tiktok.com/@talkingdowney/video/7670315614510042381,2026-06-08_record_straight,t17,t25,1098,49,2
tiktok,"No family support, doubted himself, but pushed through to success. Watching him grow is the greatest gift. #Motivation #",https://www.tiktok.com/@talkingdowney/video/7666140447915412749,2026-06-08_record_straight,t16,t20,1091,43,0
tiktok,Mayor asks gang members to fight ICE. Federal investigation and publi...,https://www.tiktok.com/@talkingdowney/video/7649159706673466637,2026-06-08_record_straight,t3,t4,1038,19,2
tiktok,"Thought it was just a job, but the military bond is unmatched. Friends for life, no matter the distance. #MilitaryLife #",https://www.tiktok.com/@talkingdowney/video/7667345389074287886,2026-06-08_record_straight,t17,t20,1008,76,0
tiktok,"20 years later, the impact of one letter is still felt. From a single message to a community's transformation, a true ge",https://www.tiktok.com/@talkingdowney/video/7657976414464920845,2026-06-08_record_straight,t9,t13,990,25,2
tiktok,"Three boys, three very different ages, but a whole lot of love and support. It truly takes a village, and this mom has h",https://www.tiktok.com/@talkingdowney/video/7668460261199596813,2026-06-08_record_straight,t17,t22,916,35,0
tiktok,"Stan Kroenke's gamble on LA paid off. 'Go big in LA' was the motto, and it resulted in a masterpiece stadium and a Super",https://www.tiktok.com/@talkingdowney/video/7673932160826428685,2026-06-08_record_straight,t20,t25,900,55,4
tiktok,"The Fun Box is a family hit! Located in the old Rite Aid spot, it's got amazing family-friendly options for everyone. #F",https://www.tiktok.com/@talkingdowney/video/7652780181484031245,2026-06-08_record_straight,t9,t9,888,13,7
tiktok,"Downey City Council voted to adopt a new Code of Ethics and Conduct. This includes new rules against harassment, intimid",https://www.tiktok.com/@talkingdowney/video/7664768603333430541,2026-06-08_record_straight,t14,t17,865,23,0
tiktok,"Never thought I'd be excited about matcha, but this might change my mind. Tastes like a great day in a cup! #Matcha #Dri",https://www.tiktok.com/@talkingdowney/video/7681818540785159437,2026-06-08_record_straight,t30,t30,859,31,0
tiktok,"Caught on camera: A near-miss outside City Hall! Almost ran over a family, then tried to fight. You won't believe who st",https://www.tiktok.com/@talkingdowney/video/7655843378248092942,2026-06-08_record_straight,t9,t9,847,15,4
tiktok,"Election season is here, and making informed decisions matters. In th...",https://www.tiktok.com/@talkingdowney/video/7645751517483470094,2026-06-08_record_straight,t3,t4,810,11,3
tiktok,IHOP's $8 ham & cheese omelet is a hidden gem! Endless coffee for $3 makes it a dangerous weekday spot. #IHOP #FoodRevie,https://www.tiktok.com/@talkingdowney/video/7670964030634331406,2026-06-08_record_straight,t17,t25,778,24,1
tiktok,Downtown dreams: a pedestrian paradise and night markets. Could closing Downey Ave have made it a reality? #Downtown #Ur,https://www.tiktok.com/@talkingdowney/video/7660944712504839437,2026-06-08_record_straight,t9,t16,774,26,0
tiktok,"A proposed 145-unit condo project on 6.1 acres is generating debate in Downey. Critics say it's too dense, doesn't fit t",https://www.tiktok.com/@talkingdowney/video/7671335842010451213,2026-06-08_record_straight,t17,t25,733,18,9
tiktok,"Lifelong Democrat, moderate. Focused on Downey, not politics. Endorsed by both sides because results matter. #Downey #Co",https://www.tiktok.com/@talkingdowney/video/7654287555088747790,2026-06-08_record_straight,t9,t9,720,21,2
tiktok,"Two and a half hours in traffic, then rush hour hits. This street changes completely. Homeowners, your city council hear",https://www.tiktok.com/@talkingdowney/video/7672540589006540046,2026-06-08_record_straight,t18,t25,708,21,4
tiktok,"Podcast host fuels division, talks down on women, and community leaders. Their own evidence shows yelling and being esco",https://www.tiktok.com/@talkingdowney/video/7656121880113466638,2026-06-08_record_straight,t9,t9,706,14,2
tiktok,Downey's downtown is booming with new Asian-style restaurants! As a p...,https://www.tiktok.com/@talkingdowney/video/7651667629609848077,2026-06-08_record_straight,t4,t4,696,21,2
tiktok,California lost billions in federal funding because Newsom and Bonta missed their legal deadline. Their lawsuit was with,https://www.tiktok.com/@talkingdowney/video/7678477730408566047,2026-06-08_record_straight,t29,t30,690,32,5
tiktok,FIFA: More like a money-making machine than a sport. Even the mayor s...,https://www.tiktok.com/@talkingdowney/video/7650555631396605198,2026-06-08_record_straight,t3,t4,672,9,1
tiktok,"Supporting Downey's food scene! 🍽️ From Porto's cravings to local gems, I'm your official taste tester. What Downey eats",https://www.tiktok.com/@talkingdowney/video/7652875020187831565,2026-06-08_record_straight,t9,t9,672,16,2
tiktok,"World Cup excitement is building, but let's hope the celebrations stay safe and don't cause chaos like in the past. Seei",https://www.tiktok.com/@talkingdowney/video/7659554437345709326,2026-06-08_record_straight,t9,t16,654,15,1
tiktok,City seal jacket on a bike ride? Bold move. Mr. Trujillo might not ap...,https://www.tiktok.com/@talkingdowney/video/7650244431190183181,2026-06-08_record_straight,t3,t4,641,11,0
tiktok,"🏡 At the public hearing, 30 people spoke about the proposed Downey condo project. According to the meeting, 29 residents",https://www.tiktok.com/@talkingdowney/video/7671426883757559053,2026-06-08_record_straight,t17,t25,634,10,3
tiktok,"The 41st District is here! Meet Hector De La Torre, your local busine...",https://www.tiktok.com/@talkingdowney/video/7646156918972501261,2026-06-08_record_straight,t3,t4,620,5,2
tiktok,"Predatory pricing vs. rent gouging: The law says one thing, but reality hits different. See how it plays out. #Economics",https://www.tiktok.com/@talkingdowney/video/7676252022533934349,2026-06-08_record_straight,t22,t30,589,14,1
tiktok,Answer your juror summons! You'd want a jury like you if you needed one. Help the justice system work. #JuryDuty #CivicD,https://www.tiktok.com/@talkingdowney/video/7662800637523987725,2026-06-08_record_straight,t10,t16,570,19,3
tiktok,"Carrie Uva for Downey City Council District 4! Focused on public safety, quality of life, balanced budget, and supportin",https://www.tiktok.com/@talkingdowney/video/7655471825631169806,2026-06-08_record_straight,t9,t9,541,10,1
tiktok,Downey Avenue cleaner than before! Graffiti gone in 24 hours if you report it. See how easy it is! #CommunityAction #Gra,https://www.tiktok.com/@talkingdowney/video/7661316879008468238,2026-06-08_record_straight,t9,t16,523,21,0
tiktok,Sacramento's mandates are changing housing density near transit like the 5 Freeway. The planning commission faces a toug,https://www.tiktok.com/@talkingdowney/video/7672819507194285326,2026-06-08_record_straight,t18,t25,519,10,0
tiktok,"Carrie's reputation precedes her! Praised for her wills and trusts work with seniors, she's the go-to for families. #Est",https://www.tiktok.com/@talkingdowney/video/7654357791720623374,2026-06-08_record_straight,t9,t9,516,11,0
tiktok,"World Cup economics: It's not what you think. Substitution, crowding ...",https://www.tiktok.com/@talkingdowney/video/7650631414202813710,2026-06-08_record_straight,t3,t4,504,8,0
tiktok,"Founding Fathers knew signing Declaration of Independence was a death warrant. This 1,337-word draft holds amazing eloqu",https://www.tiktok.com/@talkingdowney/video/7658346836725337357,2026-06-08_record_straight,t9,t14,494,12,3
tiktok,"When integrity trumps politics. Appointing a Democrat? Apparently, it's not the end of the world after all. #Politics #I",https://www.tiktok.com/@talkingdowney/video/7655100438512979214,2026-06-08_record_straight,t9,t9,486,6,0
tiktok,"Forget what divides us, sports unite! Catch the World Cup excitement, support local spots, and bring friends. It's a vib",https://www.tiktok.com/@talkingdowney/video/7659925565754903822,2026-06-08_record_straight,t9,t16,485,16,1
tiktok,Military misconceptions busted! It's not all about guns. Learning who we really are and what we do. #MilitaryFacts #Beyo,https://www.tiktok.com/@talkingdowney/video/7665119986242817293,2026-06-08_record_straight,t14,t18,483,14,1
tiktok,"Deceptive ballot measures are using veterans as bait for $11 billion in bonds. Only 10% goes to vets, the rest is for ho",https://www.tiktok.com/@talkingdowney/video/7665397697192512782,2026-06-08_record_straight,t15,t18,481,16,1
tiktok,"The justice system starts with bias against my clients. Presumed innocent until proven guilty is the goal, but I fight h",https://www.tiktok.com/@talkingdowney/video/7662523079033130253,2026-06-08_record_straight,t10,t16,477,13,0
tiktok,Assembly Bill 1821 is a mess! Cities can charge $22-$60/hr for info requests and deny them if they think your reason is,https://www.tiktok.com/@talkingdowney/video/7663634509790842126,2026-06-08_record_straight,t13,t17,475,10,0
tiktok,"United, we can overcome any challenge. Let's bridge divides and build a hopeful future together. America's opportunity a",https://www.tiktok.com/@talkingdowney/video/7658718227186421005,2026-06-08_record_straight,t9,t14,474,4,3
tiktok,"YIMBY Law threatening to sue over housing project, claiming it doesn't address parking and traffic concerns. They emphas",https://www.tiktok.com/@talkingdowney/video/7672913009097919758,2026-06-08_record_straight,t18,t25,474,5,4
tiktok,"Planning Commission meeting drama: A developer's investment vs. community concerns. Voices are raised, but the fight for",https://www.tiktok.com/@talkingdowney/video/7673562943753030925,2026-06-08_record_straight,t20,t25,456,11,0
tiktok,Asking politicians tough questions about high-speed rail and taxpayer money is crucial. Be informed and stay tuned for m,https://www.tiktok.com/@talkingdowney/video/7678849348389621006,2026-06-08_record_straight,t29,t30,449,14,6
tiktok,Rams going all in again! Trading top picks for established stars. Is this their Super Bowl year? #LARams #NFL #Football,https://www.tiktok.com/@talkingdowney/video/7674025782229863693,2026-06-08_record_straight,t20,t25,446,19,3
tiktok,"15 years in the making! The gateway sign is finally here, funded by arts and public funds. No police or general funds us",https://www.tiktok.com/@talkingdowney/video/7660679089056959758,2026-06-08_record_straight,t9,t16,442,9,1
tiktok,"Downey now has GYU Pho! Been there 3 times in 3 weeks, and the lomo s...",https://www.tiktok.com/@talkingdowney/video/7651761183183129870,2026-06-08_record_straight,t4,t4,439,17,2
tiktok,"14 ballot propositions? That's a lot! Understand who's pushing them and why. Our state is worth fighting for, so let's s",https://www.tiktok.com/@talkingdowney/video/7666232695139208461,2026-06-08_record_straight,t16,t20,439,7,2
tiktok,Genuine warmth trumps all. Real empathy makes guidance land different. Warmth wins. #Empathy #HumanConnection #Communica,https://www.tiktok.com/@talkingdowney/video/7676529785819974926,2026-06-08_record_straight,t23,t30,433,7,0
tiktok,"Giving second chances: Even when probation objects, a judge can offer...",https://www.tiktok.com/@talkingdowney/video/7646457629224537357,2026-06-08_record_straight,t0,t8,422,4,0
tiktok,"Controversial group's radical ideas revealed! Their core beliefs include defunding police, closing jails, and overhaulin",https://www.tiktok.com/@talkingdowney/video/7679189935177436430,2026-06-08_record_straight,t29,t30,414,12,6
tiktok,Mr. Trujillo mentions about a seal amidst unauthorized merchandise. I...,https://www.tiktok.com/@talkingdowney/video/7650185144531242254,2026-06-08_record_straight,t3,t4,413,5,0
tiktok,"Social media growth is exponential! Over 100k views total, with 54k+ on one platform alone. We're crushing it! #SocialMe",https://www.tiktok.com/@talkingdowney/video/7660202569985297678,2026-06-08_record_straight,t9,t16,412,16,4
tiktok,"We fought for Downey residents against the Honda World Project. 6.5 hours later, the meeting finally ends. Exhausted but",https://www.tiktok.com/@talkingdowney/video/7673190970095144205,2026-06-08_record_straight,t20,t25,409,12,1
tiktok,Remember Prop 1A in 2008? We voted for a $9B high-speed rail. Now? The cost ballooned to over $200B! 🤯 #California #High,https://www.tiktok.com/@talkingdowney/video/7678387062990507294,2026-06-08_record_straight,t29,t30,409,5,0
tiktok,Paying higher taxes? What's the point? Seems like a lot of hoops to jump through just to get things done. Lots of patien,https://www.tiktok.com/@talkingdowney/video/7660575198927768845,2026-06-08_record_straight,t9,t16,394,15,2
tiktok,"1968: A year of stark divides. Hippie or not, pro-gov or revolutionary? The assassination of MLK & RFK, LBJ stepping dow",https://www.tiktok.com/@talkingdowney/video/7658439131625819405,2026-06-08_record_straight,t9,t14,384,6,1
tiktok,"FIFA's a money-making machine, but for local folks in LA, sharing tho...",https://www.tiktok.com/@talkingdowney/video/7651297600431197453,2026-06-08_record_straight,t4,t4,379,9,0
tiktok,"DA experience: murder, sexual assault, child abuse cases. Now in mana...",https://www.tiktok.com/@talkingdowney/video/7644300961694895373,2026-06-08_record_straight,t3,t3,372,0,0
tiktok,"Grandma was scared when I joined, but seeing my accomplishments changed her mind. Family support means everything. #Fami",https://www.tiktok.com/@talkingdowney/video/7667716714603367694,2026-06-08_record_straight,t17,t21,370,7,0
tiktok,Billionaire tax in California? Analysis says it'll cost hundreds of millions and billionaires might just leave. Even New,https://www.tiktok.com/@talkingdowney/video/7665863095457205517,2026-06-08_record_straight,t15,t18,362,8,4
tiktok,Defense attorney's unique courtroom perspective: building trust with everyone for a fair playing field. Bringing dignity,https://www.tiktok.com/@talkingdowney/video/7663172836902604046,2026-06-08_record_straight,t10,t16,358,14,0
tiktok,"Judicial ratings explained! 'Well Qualified' isn't just a suggestion,...",https://www.tiktok.com/@talkingdowney/video/7646146800113437965,2026-06-08_record_straight,t3,t4,357,8,0
tiktok,"Immigrant perspective on the bench. Came from Nicaragua as a child, d...",https://www.tiktok.com/@talkingdowney/video/7644750584402218254,2026-06-08_record_straight,t3,t3,354,11,0
tiktok,"The US offers so much, even with its flaws. Reflect on the beauty of this country and what it represents. #USA #America",https://www.tiktok.com/@talkingdowney/video/7658470841176313102,2026-06-08_record_straight,t9,t14,354,3,2
tiktok,"Running a restaurant means always having a smile on, no matter what's falling apart behind the scenes. The pressure to b",https://www.tiktok.com/@talkingdowney/video/7661036518546345229,2026-06-08_record_straight,t9,t16,352,12,0
tiktok,Biggest misconception about public defenders? They don't care. It couldn't be further from the truth. #PublicDefender #L,https://www.tiktok.com/@talkingdowney/video/7662151295205231886,2026-06-08_record_straight,t10,t16,350,7,0
tiktok,"Every day, 5-7 people die on LA streets. This ongoing crisis reveals a profound failure in local government's response t",https://www.tiktok.com/@talkingdowney/video/7679128812235263245,2026-06-08_record_straight,t29,t30,350,12,5
tiktok,Bridging cultures: The secret weapon against tech's dark side and a p...,https://www.tiktok.com/@talkingdowney/video/7646166793605647630,2026-06-08_record_straight,t0,t8,347,2,0
tiktok,"Ladies, silence your doubts! Your time is NOW. Take the leap of faith and embrace your individuality. California is root",https://www.tiktok.com/@talkingdowney/video/7657698563538881805,2026-06-08_record_straight,t9,t13,343,5,0
tiktok,Discover your inner strength through pageantry. It's a journey of self-discovery and unlocking abilities you never knew,https://www.tiktok.com/@talkingdowney/video/7657327452930198798,2026-06-08_record_straight,t9,t12,326,6,0
tiktok,Billions lost in federal funding due to missed obligations. The state is scrambling for new sources after November 2024.,https://www.tiktok.com/@talkingdowney/video/7678756096692997390,2026-06-08_record_straight,t29,t30,325,9,2
tiktok,"Neighborhood watch groups stop crime. One group led to a speeding arrest, finding drugs and an illegal gun! #Neighborhoo",https://www.tiktok.com/@talkingdowney/video/7655018365185969422,2026-06-08_record_straight,t9,t9,324,5,0
tiktok,"This project isn't working for residents. We need to build better housing with less density, improved safety, and smarte",https://www.tiktok.com/@talkingdowney/video/7673282499568618765,2026-06-08_record_straight,t20,t25,321,9,1
tiktok,"From civil law to prosecution, this attorney brings a unique blend of...",https://www.tiktok.com/@talkingdowney/video/7646163844078783758,2026-06-08_record_straight,t0,t8,313,2,0
tiktok,Going through old boxes and found some amazing UCLA football memories! 🏈 From Troy Aikman MVP moments to unforgettable s,https://www.tiktok.com/@talkingdowney/video/7675416490362883342,2026-06-08_record_straight,t21,t30,312,11,0
tiktok,Legislative wins! Defended against a huge condo fee hike & pushed for HOA transparency. Major victories for buyers! #HOA,https://www.tiktok.com/@talkingdowney/video/7655379317249166606,2026-06-08_record_straight,t9,t9,310,8,1
tiktok,"Guilty or not? Immaterial. Our justice system demands a vigorous defense for ALL. The government has power, but we ensur",https://www.tiktok.com/@talkingdowney/video/7662059298205306126,2026-06-08_record_straight,t10,t16,302,9,0
tiktok,"Pico Rivera achievements and Congress dreams. Loyalty to the people, ...",https://www.tiktok.com/@talkingdowney/video/7646158357832666382,2026-06-08_record_straight,t3,t4,300,2,0
tiktok,"Courtroom presence matters. Even during COVID, showing up in person was key. Zoom can't replace true courtroom engagemen",https://www.tiktok.com/@talkingdowney/video/7662892134902598925,2026-06-08_record_straight,t10,t16,295,7,0
tiktok,"85+ jury trials, 21 homicide cases. Experience seeing the criminal sy...",https://www.tiktok.com/@talkingdowney/video/7644624739121499405,2026-06-08_record_straight,t3,t3,292,7,0
tiktok,"Served on Public Works for years, learning about our city's water wells and street projects. Now running to make a diffe",https://www.tiktok.com/@talkingdowney/video/7654637814868446477,2026-06-08_record_straight,t9,t9,275,4,0
tiktok,"Did you know Chipotle has a secret menu? You can get a quesadilla with chicken, rice, and beans that's not on the regula",https://www.tiktok.com/@talkingdowney/video/7670593250150862094,2026-06-08_record_straight,t17,t25,275,3,0
tiktok,The NFL cheers for teams to be over .500? Higher draft picks for losing seasons. Some teams go all in. #NFL #Football #S,https://www.tiktok.com/@talkingdowney/video/7673623152240463118,2026-06-08_record_straight,t20,t25,268,5,0
tiktok,"Tired of fake AI stuff? Got guts to get the facts straight? If you're open-minded, I'm being followed and have real info",https://www.tiktok.com/@talkingdowney/video/7656956446550019342,2026-06-08_record_straight,t9,t9,266,2,1
tiktok,"Ready to hit the ground running? Seeking a judge with honor, dignity, and integrity. Experience matters. Vote Tryfman fo",https://www.tiktok.com/@talkingdowney/video/7663557594300108046,2026-06-08_record_straight,t13,t17,266,6,0
tiktok,"Pageantry's mission: empower, inspire, uplift. Compete in at least one pageant to develop speaking skills, connect with",https://www.tiktok.com/@talkingdowney/video/7657235008406473997,2026-06-08_record_straight,t9,t12,265,2,0
tiktok,"Pageant weekend: more than just a competition, it's an experience! Lasting friendships, memories, and the honor of direc",https://www.tiktok.com/@talkingdowney/video/7657606066246667533,2026-06-08_record_straight,t9,t13,259,7,0
tiktok,"Lawyers aren't just fighters. Real advocacy is about getting results, not just battling. Human connection matters. #Lega",https://www.tiktok.com/@talkingdowney/video/7677735272125107470,2026-06-08_record_straight,t24,t30,251,3,0
tiktok,"Building bridges in Washington, not just making calls. Real change ha...",https://www.tiktok.com/@talkingdowney/video/7646151306624716046,2026-06-08_record_straight,t3,t4,248,2,0
tiktok,Prosecutor with a unique background: civil and workman's comp law. Re...,https://www.tiktok.com/@talkingdowney/video/7645379614537190670,2026-06-08_record_straight,t3,t4,248,3,0
tiktok,Keep streets looking sharp! Graffiti & potholes? Quick fix with our community app or a call. Let's keep our neighborhood,https://www.tiktok.com/@talkingdowney/video/7654730633293401357,2026-06-08_record_straight,t9,t9,240,4,0
tiktok,"Theater kid turned rock star, now a trial attorney. Finding joy in public service and client relationships. #TrialAttorn",https://www.tiktok.com/@talkingdowney/video/7663265320106216717,2026-06-08_record_straight,t10,t16,222,2,0
tiktok,"Childhood friends in trouble with the law inspired a future lawyer. The mission: protect the mistreated, ensure fair tre",https://www.tiktok.com/@talkingdowney/video/7681353884379401486,2026-06-08_record_straight,t29,t30,219,2,0
tiktok,"Life experience shapes a DA. Growing up, overcoming obstacles, and believing in second chances all fuel the pursuit of j",https://www.tiktok.com/@talkingdowney/video/7681074975381490957,2026-06-08_record_straight,t29,t30,215,9,0
tiktok,100 jury trials? Try zero. And the DA with no trial experience... sound familiar? Leading 1000+ employees requires manag,https://www.tiktok.com/@talkingdowney/video/7679220843716578574,2026-06-08_record_straight,t29,t30,214,4,0
tiktok,Serious crimes handled with fairness and hard calls. Saw discretion i...,https://www.tiktok.com/@talkingdowney/video/7646152932282338574,2026-06-08_record_straight,t3,t4,213,4,0
tiktok,From a tough childhood to city attorney: understanding life's struggles to serve the community. #CommunityLeader #Inspir,https://www.tiktok.com/@talkingdowney/video/7680240513177505037,2026-06-08_record_straight,t29,t30,212,8,0
tiktok,They said it couldn't be done. Turned doubt into determination. Now l...,https://www.tiktok.com/@talkingdowney/video/7645051502465191181,2026-06-08_record_straight,t3,t3,208,3,0
tiktok,Prosecutor & Judge handling serious crimes with fairness. Made the ha...,https://www.tiktok.com/@talkingdowney/video/7644400271153581325,2026-06-08_record_straight,t3,t3,206,4,1
tiktok,"Treating everyone with respect, no matter their shoes. Honesty and ge...",https://www.tiktok.com/@talkingdowney/video/7645129494264548621,2026-06-08_record_straight,t3,t3,193,6,1
tiktok,He lost his high-profile cases after speaking out against the DA. Now handling misdemeanor cases. #LegalDrama #DAOffice,https://www.tiktok.com/@talkingdowney/video/7680612659791727885,2026-06-08_record_straight,t29,t30,192,5,0
tiktok,"A true believer in justice, constantly learning and self-aware. Ready to bring dignity and respect to the court. #DuePro",https://www.tiktok.com/@talkingdowney/video/7662430550782725389,2026-06-08_record_straight,t10,t16,188,6,1
tiktok,"House fires: Devastating. Lost everything? Beware insurance scams. Legal aid is crucial for recovery. Law students, prac",https://www.tiktok.com/@talkingdowney/video/7676222113706953998,2026-06-08_record_straight,t22,t30,187,2,0
tiktok,"One client refused a handshake, another offered respect despite losing. Justice served, but interactions varied wildly.",https://www.tiktok.com/@talkingdowney/video/7677669689127996686,2026-06-08_record_straight,t24,t30,185,3,0
tiktok,Exploring Downtown Downey's food scene! Found a great poke spot called Tapoke Poke at Downey Gateway. Assembly line styl,https://www.tiktok.com/@talkingdowney/video/7670222867035983118,2026-06-08_record_straight,t17,t23,178,1,0
tiktok,"Young entrepreneurs needed! Have a backup plan beyond sports. Create jobs, be creative, and build a better city. Mentori",https://www.tiktok.com/@talkingdowney/video/7680706881593167118,2026-06-08_record_straight,t29,t30,177,7,1
tiktok,"Target Crimes Division tackles everything from stalking to arson. These fires, often from homeless individuals seeking w",https://www.tiktok.com/@talkingdowney/video/7681446344300432653,2026-06-08_record_straight,t29,t30,172,3,0
tiktok,From conservative roots to judicial hopeful. This campaign trail is all about connection and understanding your concerns,https://www.tiktok.com/@talkingdowney/video/7678014827180166413,2026-06-08_record_straight,t24,t30,170,2,0
tiktok,"Using legal skills to help fire victims rebuild after disaster. It's about recovery, justice, and healing. #PublicServic",https://www.tiktok.com/@talkingdowney/video/7676160811580050702,2026-06-08_record_straight,t22,t30,154,2,0
tiktok,Hiring is key! Get buy-in by asking 'When can you have this done?' People commit best when they set their own deadlines.,https://www.tiktok.com/@talkingdowney/video/7675138189962513678,2026-06-08_record_straight,t21,t29,151,0,0
tiktok,"A City Attorney needs real-life experience, not just privilege. Look at my background, my work, and my pledge to YOU. Su",https://www.tiktok.com/@talkingdowney/video/7680335389332098317,2026-06-08_record_straight,t29,t30,149,3,0
tiktok,"Lived as a renter for 24 years, understanding the frustration of young people vs. friends buying second homes. Experienc",https://www.tiktok.com/@talkingdowney/video/7680983808207867150,2026-06-08_record_straight,t29,t30,148,1,0
tiktok,"Being a good judge means people walk away respecting the process, even if they don't agree with the outcome. It's about",https://www.tiktok.com/@talkingdowney/video/7676624062751313166,2026-06-08_record_straight,t23,t30,147,2,0
tiktok,"Integrity on the bench is key. A Harvard Law grad ready to apply law and facts without bias. Non-partisan, just justice.",https://www.tiktok.com/@talkingdowney/video/7678108403952110861,2026-06-08_record_straight,t24,t30,142,3,0
tiktok,Get the right people on your bus and the wrong ones off! Seats matter too. Always hire people better than you. #Business,https://www.tiktok.com/@talkingdowney/video/7675046156073733389,2026-06-08_record_straight,t21,t25,141,1,0
tiktok,"Mother Teresa wasn't called to be successful, but to be faithful. True impact isn't measured by results, but by dedicati",https://www.tiktok.com/@talkingdowney/video/7675879835297647886,2026-06-08_record_straight,t22,t30,137,1,0
tiktok,"Downey's new Korean BBQ is SO good, people are lining up out the door...",https://www.tiktok.com/@talkingdowney/video/7651815292657487117,2026-06-08_record_straight,t4,t4,93,2,0
youtube,Setting the Record Straight: I Was Forced to Respond,https://www.youtube.com/watch?v=B9AEB8MOo1E,2026-06-08_record_straight,t0,t30,389,17,2
youtube,He Ran Downey's Most Iconic Restaurant for 30 Years — Then Helped Rebuild the Whole Block,https://www.youtube.com/watch?v=7WGdmEp9yg8,2026-06-08_record_straight,t9,t30,184,6,4
youtube,AI Fake News: Who’s Behind It and Why Are They Doing It?,https://www.youtube.com/watch?v=P0HhmhP80qM,2026-06-08_record_straight,t9,t30,159,8,
youtube,145 Units Next to Your Backyard? Downey Said No.,https://www.youtube.com/watch?v=WCUv6melegY,2026-06-08_record_straight,t19,t30,152,5,
youtube,Downey's Most Talked-About Council Race | Carrie Uva Interview,https://www.youtube.com/watch?v=UrJI0CuziSo,2026-06-08_record_straight,t9,t30,143,8,2
youtube,Is the Army Worth It in 2026? | From Downey High to the Army (Tracy Duran),https://www.youtube.com/watch?v=Er138bJFgPU,2026-06-08_record_straight,t14,t30,117,5,1
youtube,"Donna Tryfman on Public Defense, Jury Trials, and Running for Judge | Talking Downey",https://www.youtube.com/watch?v=i1CMwrvVzHE,2026-06-08_record_straight,t10,t30,85,6,1
youtube,John McKinney on 28 Years in the DA's Office and Running for LA City Attorney | Talking Downey,https://www.youtube.com/watch?v=inT7LVqkzF0,2026-06-08_record_straight,t29,t30,72,3,
youtube,Thinking About Competing In A Pageant?,https://www.youtube.com/watch?v=XY_LNyqvW-s,2026-06-08_record_straight,t9,t30,54,1,
youtube,He Helped Fire Victims for Free. Now He's Running for Judge. | David DeJute on Talking Downey,https://www.youtube.com/watch?v=3Oiav_e6ho0,2026-06-08_record_straight,t22,t30,37,1,
youtube,Leadership Lessons From the LA Rams President & My UCLA Bruin Roots,https://www.youtube.com/watch?v=zPG3w8LITmw,2026-06-08_record_straight,t20,t30,30,,
youtube,Leadership Lessons From the LA Rams President & + Being a Life Long Bruin,https://www.youtube.com/watch?v=V-wi0e62VN8,2026-06-08_record_straight,t19,t19,8,1,
youtube,Graffiti Hotline: Report and Remove Tagging FAST! #shorts,https://www.youtube.com/watch?v=Y07bhdwtRGA,2026-06-08_record_straight,t9,t9,,,
